date,datetime,coffee_name,money,card
2024-03-01,2024-03-01 10:15:50.520,Latte,38.7,ANON-0000-0000-0001
2024-03-01,2024-03-01 12:19:22.539,Hot Chocolate,38.7,ANON-0000-0000-0002
2024-03-01,2024-03-01 12:20:18.089,Hot Chocolate,38.7,ANON-0000-0000-0002
2024-03-01,2024-03-01 13:46:33.006,Americano,28.9,ANON-0000-0000-0003
2024-03-01,2024-03-01 13:48:14.626,Latte,38.7,ANON-0000-0000-0004
2024-03-01,2024-03-01 15:39:47.726,Americano with Milk,33.8,ANON-0000-0000-0005
2024-03-01,2024-03-01 16:19:02.756,Hot Chocolate,38.7,ANON-0000-0000-0006
2024-03-01,2024-03-01 18:39:03.580,Americano with Milk,33.8,ANON-0000-0000-0007
2024-03-01,2024-03-01 19:22:01.762,Cocoa,38.7,ANON-0000-0000-0008
2024-03-01,2024-03-01 19:23:15.887,Americano with Milk,33.8,ANON-0000-0000-0008
2024-03-01,2024-03-01 19:29:17.391,Americano with Milk,33.8,ANON-0000-0000-0009
2024-03-02,2024-03-02 10:22:06.957,Americano,28.9,ANON-0000-0000-0010
2024-03-02,2024-03-02 10:41:41.249,Americano with Milk,33.8,ANON-0000-0000-0011
2024-03-02,2024-03-02 11:59:45.484,Americano with Milk,33.8,ANON-0000-0000-0012
2024-03-02,2024-03-02 14:38:35.535,Americano,28.9,ANON-0000-0000-0013
2024-03-02,2024-03-02 16:37:24.475,Americano with Milk,33.8,ANON-0000-0000-0014
2024-03-02,2024-03-02 17:34:54.969,Americano,28.9,ANON-0000-0000-0004
2024-03-03,2024-03-03 10:27:18.561,Latte,38.7,ANON-0000-0000-0015
2024-03-03,2024-03-03 11:33:56.118,Cortado,28.9,ANON-0000-0000-0016
2024-03-03,2024-03-03 12:26:56.098,Americano,28.9,ANON-0000-0000-0012
2024-03-03,2024-03-03 13:09:36.321,Hot Chocolate,38.7,ANON-0000-0000-0017
2024-03-03,2024-03-03 17:06:40.271,Cocoa,38.7,ANON-0000-0000-0018
2024-03-03,2024-03-03 17:08:45.895,Cortado,28.9,ANON-0000-0000-0019
2024-03-03,2024-03-03 18:03:23.369,Americano with Milk,33.8,ANON-0000-0000-0020
2024-03-03,2024-03-03 18:04:27.946,Americano with Milk,33.8,ANON-0000-0000-0020
2024-03-03,2024-03-03 18:08:04.959,Hot Chocolate,38.7,ANON-0000-0000-0020
2024-03-04,2024-03-04 10:03:51.994,Latte,38.7,ANON-0000-0000-0001
2024-03-04,2024-03-04 10:54:50.958,Latte,38.7,ANON-0000-0000-0021
2024-03-04,2024-03-04 11:05:16.184,Americano with Milk,33.8,ANON-0000-0000-0012
2024-03-04,2024-03-04 14:04:37.734,Espresso,24.0,ANON-0000-0000-0022
2024-03-05,2024-03-05 09:59:52.651,Latte,38.7,ANON-0000-0000-0001
2024-03-05,2024-03-05 14:34:55.963,Latte,38.7,ANON-0000-0000-0023
2024-03-05,2024-03-05 17:34:06.043,Latte,38.7,ANON-0000-0000-0024
2024-03-05,2024-03-05 17:35:25.021,Hot Chocolate,38.7,ANON-0000-0000-0025
2024-03-05,2024-03-05 17:36:28.571,Cocoa,38.7,ANON-0000-0000-0026
2024-03-05,2024-03-05 17:37:13.659,Hot Chocolate,38.7,ANON-0000-0000-0027
2024-03-05,2024-03-05 17:38:09.354,Hot Chocolate,38.7,ANON-0000-0000-0009
2024-03-05,2024-03-05 17:56:15.776,Cortado,28.9,ANON-0000-0000-0028
2024-03-05,2024-03-05 18:01:31.242,Hot Chocolate,38.7,ANON-0000-0000-0028
2024-03-06,2024-03-06 13:24:07.667,Americano,28.9,ANON-0000-0000-0012
2024-03-06,2024-03-06 13:25:14.351,Cortado,28.9,ANON-0000-0000-0012
2024-03-06,2024-03-06 14:52:01.761,Cappuccino,38.7,ANON-0000-0000-0029
2024-03-06,2024-03-06 14:53:18.344,Cappuccino,38.7,ANON-0000-0000-0029
2024-03-07,2024-03-07 10:18:40.543,Hot Chocolate,38.7,ANON-0000-0000-0030
2024-03-07,2024-03-07 11:03:58.976,Latte,38.7,ANON-0000-0000-0031
2024-03-07,2024-03-07 15:40:22.606,Americano,28.9,ANON-0000-0000-0032
2024-03-07,2024-03-07 15:41:28.784,Americano with Milk,33.8,ANON-0000-0000-0033
2024-03-08,2024-03-08 10:34:41.283,Cortado,28.9,ANON-0000-0000-0012
2024-03-08,2024-03-08 12:22:28.653,Cappuccino,38.7,ANON-0000-0000-0034
2024-03-08,2024-03-08 13:53:02.042,Americano,28.9,ANON-0000-0000-0035
2024-03-08,2024-03-08 14:44:12.686,Americano,28.9,ANON-0000-0000-0012
2024-03-08,2024-03-08 14:45:11.048,Americano,28.9,ANON-0000-0000-0033
2024-03-08,2024-03-08 14:46:11.155,Americano with Milk,33.8,ANON-0000-0000-0012
2024-03-08,2024-03-08 18:57:51.451,Latte,38.7,ANON-0000-0000-0036
2024-03-08,2024-03-08 18:59:24.941,Latte,38.7,ANON-0000-0000-0037
2024-03-09,2024-03-09 12:05:15.559,Espresso,24.0,ANON-0000-0000-0038
2024-03-09,2024-03-09 12:07:38.275,Americano,28.9,ANON-0000-0000-0039
2024-03-09,2024-03-09 12:09:47.714,Cappuccino,38.7,ANON-0000-0000-0012
2024-03-09,2024-03-09 12:13:03.521,Americano,28.9,ANON-0000-0000-0040
2024-03-09,2024-03-09 12:14:26.458,Americano,28.9,ANON-0000-0000-0040
2024-03-09,2024-03-09 13:09:22.229,Latte,38.7,ANON-0000-0000-0041
2024-03-09,2024-03-09 13:41:06.167,Americano with Milk,33.8,ANON-0000-0000-0042
2024-03-09,2024-03-09 13:53:10.408,Cortado,28.9,ANON-0000-0000-0043
2024-03-09,2024-03-09 13:54:36.828,Cappuccino,38.7,ANON-0000-0000-0043
2024-03-09,2024-03-09 14:08:01.829,Americano with Milk,33.8,ANON-0000-0000-0009
2024-03-09,2024-03-09 14:26:52.873,Hot Chocolate,38.7,ANON-0000-0000-0044
2024-03-09,2024-03-09 19:17:57.572,Cappuccino,38.7,ANON-0000-0000-0009
2024-03-09,2024-03-09 19:19:10.084,Hot Chocolate,38.7,ANON-0000-0000-0009
2024-03-10,2024-03-10 11:19:20.764,Espresso,24.0,ANON-0000-0000-0045
2024-03-10,2024-03-10 19:34:00.478,Latte,38.7,ANON-0000-0000-0046
2024-03-10,2024-03-10 19:35:54.712,Cortado,28.9,ANON-0000-0000-0046
2024-03-11,2024-03-11 11:32:58.781,Cappuccino,38.7,ANON-0000-0000-0035
2024-03-11,2024-03-11 16:24:26.401,Americano,28.9,ANON-0000-0000-0047
2024-03-11,2024-03-11 16:25:45.664,Latte,38.7,ANON-0000-0000-0047
2024-03-11,2024-03-11 16:50:49.608,Cortado,28.9,ANON-0000-0000-0048
2024-03-12,2024-03-12 10:15:34.543,Americano,28.9,ANON-0000-0000-0033
2024-03-12,2024-03-12 10:16:24.886,Cortado,28.9,ANON-0000-0000-0033
2024-03-12,2024-03-12 11:20:45.632,Hot Chocolate,38.7,ANON-0000-0000-0049
2024-03-12,2024-03-12 12:46:23.275,Americano with Milk,33.8,ANON-0000-0000-0004
2024-03-12,2024-03-12 12:47:26.027,Americano,28.9,ANON-0000-0000-0004
2024-03-12,2024-03-12 16:15:43.325,Americano,28.9,ANON-0000-0000-0050
2024-03-13,2024-03-13 11:06:43.038,Hot Chocolate,38.7,ANON-0000-0000-0048
2024-03-13,2024-03-13 11:48:16.753,Americano,28.9,ANON-0000-0000-0004
2024-03-13,2024-03-13 12:18:06.336,Americano,28.9,ANON-0000-0000-0051
2024-03-13,2024-03-13 12:19:05.128,Americano,28.9,ANON-0000-0000-0051
2024-03-13,2024-03-13 14:26:40.875,Americano with Milk,33.8,ANON-0000-0000-0052
2024-03-13,2024-03-13 15:40:22.261,Espresso,24.0,ANON-0000-0000-0053
2024-03-13,2024-03-13 15:41:20.424,Espresso,24.0,ANON-0000-0000-0053
2024-03-13,2024-03-13 16:47:09.373,Espresso,24.0,ANON-0000-0000-0054
2024-03-14,2024-03-14 10:28:33.017,Latte,38.7,ANON-0000-0000-0055
2024-03-14,2024-03-14 10:29:34.283,Hot Chocolate,38.7,ANON-0000-0000-0055
2024-03-14,2024-03-14 13:27:29.536,Cortado,28.9,ANON-0000-0000-0012
2024-03-14,2024-03-14 13:28:24.527,Americano,28.9,ANON-0000-0000-0012
2024-03-14,2024-03-14 13:51:59.905,Americano with Milk,33.8,ANON-0000-0000-0056
2024-03-14,2024-03-14 13:52:56.248,Espresso,24.0,ANON-0000-0000-0057
2024-03-14,2024-03-14 15:20:38.367,Latte,38.7,ANON-0000-0000-0058
2024-03-14,2024-03-14 16:04:09.506,Americano with Milk,33.8,ANON-0000-0000-0059
2024-03-14,2024-03-14 16:54:38.202,Espresso,24.0,ANON-0000-0000-0050
2024-03-14,2024-03-14 18:58:55.854,Hot Chocolate,38.7,ANON-0000-0000-0019
2024-03-14,2024-03-14 19:00:08.663,Cortado,28.9,ANON-0000-0000-0012
2024-03-15,2024-03-15 10:53:02.180,Hot Chocolate,38.7,ANON-0000-0000-0060
2024-03-15,2024-03-15 18:19:27.922,Americano,28.9,ANON-0000-0000-0012
2024-03-16,2024-03-16 12:06:55.209,Americano with Milk,33.8,ANON-0000-0000-0061
2024-03-16,2024-03-16 12:07:53.915,Americano,28.9,ANON-0000-0000-0061
2024-03-16,2024-03-16 15:58:18.458,Cortado,28.9,ANON-0000-0000-0009
2024-03-16,2024-03-16 16:03:21.738,Cortado,28.9,ANON-0000-0000-0009
2024-03-16,2024-03-16 16:04:11.444,Cortado,28.9,ANON-0000-0000-0012
2024-03-16,2024-03-16 17:58:07.241,Americano with Milk,33.8,ANON-0000-0000-0062
2024-03-17,2024-03-17 12:55:26.065,Cortado,28.9,ANON-0000-0000-0063
2024-03-18,2024-03-18 11:17:59.671,Cortado,28.9,ANON-0000-0000-0064
2024-03-18,2024-03-18 15:31:39.725,Americano,28.9,ANON-0000-0000-0003
2024-03-18,2024-03-18 15:32:38.239,Americano,28.9,ANON-0000-0000-0003
2024-03-18,2024-03-18 15:33:36.708,Americano,28.9,ANON-0000-0000-0003
2024-03-19,2024-03-19 14:02:21.536,Latte,38.7,ANON-0000-0000-0065
2024-03-19,2024-03-19 14:03:19.765,Latte,38.7,ANON-0000-0000-0065
2024-03-19,2024-03-19 15:04:36.309,Hot Chocolate,38.7,ANON-0000-0000-0049
2024-03-19,2024-03-19 16:53:48.706,Americano with Milk,33.8,ANON-0000-0000-0066
2024-03-20,2024-03-20 11:41:16.403,Cortado,28.9,ANON-0000-0000-0012
2024-03-20,2024-03-20 12:30:48.968,Cortado,28.9,ANON-0000-0000-0049
2024-03-20,2024-03-20 13:16:47.394,Cappuccino,38.7,ANON-0000-0000-0067
2024-03-20,2024-03-20 16:42:38.117,Cocoa,38.7,ANON-0000-0000-0050
2024-03-20,2024-03-20 17:50:28.781,Latte,38.7,ANON-0000-0000-0068
2024-03-21,2024-03-21 12:25:09.194,Cortado,28.9,ANON-0000-0000-0012
2024-03-21,2024-03-21 12:26:17.428,Cappuccino,38.7,ANON-0000-0000-0012
2024-03-21,2024-03-21 17:22:01.353,Cortado,28.9,ANON-0000-0000-0012
2024-03-21,2024-03-21 19:20:36.508,Latte,38.7,ANON-0000-0000-0069
2024-03-22,2024-03-22 10:35:53.619,Americano with Milk,33.8,ANON-0000-0000-0070
2024-03-22,2024-03-22 13:29:20.343,Americano with Milk,33.8,ANON-0000-0000-0071
2024-03-22,2024-03-22 17:17:03.724,Americano,28.9,ANON-0000-0000-0012
2024-03-22,2024-03-22 17:17:58.991,Espresso,24.0,ANON-0000-0000-0012
2024-03-22,2024-03-22 17:20:49.490,Americano,28.9,ANON-0000-0000-0050
2024-03-23,2024-03-23 10:43:59.559,Latte,38.7,ANON-0000-0000-0072
2024-03-23,2024-03-23 10:45:07.157,Americano with Milk,33.8,ANON-0000-0000-0073
2024-03-23,2024-03-23 13:10:07.661,Cappuccino,38.7,ANON-0000-0000-0074
2024-03-23,2024-03-23 13:11:12.230,Cocoa,38.7,ANON-0000-0000-0074
2024-03-23,2024-03-23 14:44:41.276,Americano with Milk,33.8,ANON-0000-0000-0075
2024-03-23,2024-03-23 15:47:19.062,Latte,38.7,ANON-0000-0000-0076
2024-03-23,2024-03-23 15:49:33.813,Americano with Milk,33.8,ANON-0000-0000-0076
2024-03-23,2024-03-23 16:00:58.386,Cortado,28.9,ANON-0000-0000-0009
2024-03-24,2024-03-24 18:45:08.397,Latte,38.7,ANON-0000-0000-0077
2024-03-25,2024-03-25 10:31:47.250,Latte,38.7,ANON-0000-0000-0009
2024-03-25,2024-03-25 14:27:09.163,Latte,38.7,ANON-0000-0000-0078
2024-03-25,2024-03-25 14:29:25.343,Latte,38.7,ANON-0000-0000-0017
2024-03-25,2024-03-25 18:37:30.650,Americano with Milk,33.8,ANON-0000-0000-0024
2024-03-25,2024-03-25 19:34:24.542,Cappuccino,38.7,ANON-0000-0000-0079
2024-03-26,2024-03-26 10:35:49.679,Cocoa,38.7,ANON-0000-0000-0055
2024-03-26,2024-03-26 10:36:36.151,Latte,38.7,ANON-0000-0000-0055
2024-03-26,2024-03-26 10:42:30.170,Latte,38.7,ANON-0000-0000-0080
2024-03-26,2024-03-26 11:11:47.335,Cortado,28.9,ANON-0000-0000-0009
2024-03-26,2024-03-26 13:35:52.773,Americano,28.9,ANON-0000-0000-0003
2024-03-26,2024-03-26 13:36:49.644,Cortado,28.9,ANON-0000-0000-0032
2024-03-26,2024-03-26 13:37:59.723,Cortado,28.9,ANON-0000-0000-0059
2024-03-26,2024-03-26 13:57:53.677,Americano,28.9,ANON-0000-0000-0050
2024-03-26,2024-03-26 15:48:02.270,Latte,38.7,ANON-0000-0000-0081
2024-03-26,2024-03-26 18:33:38.568,Latte,38.7,ANON-0000-0000-0024
2024-03-26,2024-03-26 18:34:54.648,Hot Chocolate,38.7,ANON-0000-0000-0009
2024-03-27,2024-03-27 11:04:51.174,Cortado,28.9,ANON-0000-0000-0003
2024-03-27,2024-03-27 11:05:58.236,Americano with Milk,33.8,ANON-0000-0000-0003
2024-03-27,2024-03-27 12:57:00.462,Americano with Milk,33.8,ANON-0000-0000-0082
2024-03-27,2024-03-27 13:35:20.039,Hot Chocolate,38.7,ANON-0000-0000-0083
2024-03-27,2024-03-27 14:22:31.662,Cappuccino,38.7,ANON-0000-0000-0012
2024-03-27,2024-03-27 14:23:35.380,Americano,28.9,ANON-0000-0000-0012
2024-03-27,2024-03-27 18:30:11.833,Cortado,28.9,ANON-0000-0000-0084
2024-03-28,2024-03-28 14:24:47.092,Cortado,28.9,ANON-0000-0000-0085
2024-03-28,2024-03-28 17:24:46.244,Cortado,28.9,ANON-0000-0000-0012
2024-03-28,2024-03-28 17:27:05.304,Americano,28.9,ANON-0000-0000-0012
2024-03-28,2024-03-28 17:32:44.652,Latte,38.7,ANON-0000-0000-0086
2024-03-29,2024-03-29 10:56:19.495,Latte,38.7,ANON-0000-0000-0087
2024-03-29,2024-03-29 12:34:17.383,Cappuccino,38.7,ANON-0000-0000-0088
2024-03-29,2024-03-29 12:41:32.125,Cappuccino,38.7,ANON-0000-0000-0088
2024-03-30,2024-03-30 11:59:19.854,Latte,38.7,ANON-0000-0000-0069
2024-03-30,2024-03-30 16:12:31.786,Latte,38.7,ANON-0000-0000-0017
2024-03-30,2024-03-30 16:36:40.513,Latte,38.7,ANON-0000-0000-0009
2024-03-30,2024-03-30 16:37:57.553,Americano with Milk,33.8,ANON-0000-0000-0009
2024-03-31,2024-03-31 10:40:04.523,Cappuccino,38.7,ANON-0000-0000-0089
2024-04-01,2024-04-01 10:28:47.601,Americano,28.9,ANON-0000-0000-0004
2024-04-01,2024-04-01 10:29:42.318,Americano with Milk,33.8,ANON-0000-0000-0004
2024-04-01,2024-04-01 10:30:43.735,Americano with Milk,33.8,ANON-0000-0000-0004
2024-04-01,2024-04-01 11:15:43.836,Americano with Milk,33.8,ANON-0000-0000-0009
2024-04-01,2024-04-01 18:18:42.372,Americano with Milk,33.8,ANON-0000-0000-0024
2024-04-01,2024-04-01 18:45:27.436,Hot Chocolate,38.7,ANON-0000-0000-0090
2024-04-02,2024-04-02 10:01:14.022,Latte,38.7,ANON-0000-0000-0001
2024-04-02,2024-04-02 16:18:34.169,Americano,28.9,ANON-0000-0000-0003
2024-04-02,2024-04-02 16:19:28.460,Cortado,28.9,ANON-0000-0000-0003
2024-04-03,2024-04-03 10:19:13.644,Cortado,28.9,ANON-0000-0000-0003
2024-04-03,2024-04-03 10:20:07.655,Americano,28.9,ANON-0000-0000-0003
2024-04-03,2024-04-03 13:12:05.367,Cappuccino,38.7,ANON-0000-0000-0012
2024-04-04,2024-04-04 10:44:55.988,Latte,38.7,ANON-0000-0000-0091
2024-04-04,2024-04-04 11:26:38.085,Latte,38.7,ANON-0000-0000-0092
2024-04-04,2024-04-04 11:27:48.411,Cappuccino,38.7,ANON-0000-0000-0093
2024-04-04,2024-04-04 12:23:02.216,Cortado,28.9,ANON-0000-0000-0094
2024-04-05,2024-04-05 10:40:42.728,Americano,28.9,ANON-0000-0000-0095
2024-04-05,2024-04-05 10:42:06.204,Americano,28.9,ANON-0000-0000-0012
2024-04-05,2024-04-05 11:06:14.643,Cortado,28.9,ANON-0000-0000-0096
2024-04-05,2024-04-05 12:14:27.975,Americano with Milk,33.8,ANON-0000-0000-0097
2024-04-05,2024-04-05 14:23:40.387,Latte,38.7,ANON-0000-0000-0098
2024-04-05,2024-04-05 14:24:50.417,Cortado,28.9,ANON-0000-0000-0098
2024-04-05,2024-04-05 16:18:23.558,Espresso,24.0,ANON-0000-0000-0003
2024-04-06,2024-04-06 12:32:31.398,Americano with Milk,33.8,ANON-0000-0000-0099
2024-04-06,2024-04-06 14:13:18.733,Cappuccino,38.7,ANON-0000-0000-0040
2024-04-06,2024-04-06 14:14:27.029,Americano,28.9,ANON-0000-0000-0040
2024-04-06,2024-04-06 14:49:50.183,Latte,38.7,ANON-0000-0000-0009
2024-04-07,2024-04-07 10:12:53.204,Latte,38.7,ANON-0000-0000-0091
2024-04-07,2024-04-07 12:44:31.936,Cappuccino,38.7,ANON-0000-0000-0040
2024-04-07,2024-04-07 12:46:05.118,Cappuccino,38.7,ANON-0000-0000-0040
2024-04-07,2024-04-07 14:16:24.949,Cortado,28.9,ANON-0000-0000-0100
2024-04-07,2024-04-07 14:17:30.628,Espresso,24.0,ANON-0000-0000-0100
2024-04-07,2024-04-07 18:01:16.608,Hot Chocolate,38.7,ANON-0000-0000-0101
2024-04-07,2024-04-07 18:02:03.878,Americano with Milk,33.8,ANON-0000-0000-0101
2024-04-08,2024-04-08 10:58:21.106,Americano with Milk,33.8,ANON-0000-0000-0102
2024-04-08,2024-04-08 10:59:27.558,Cappuccino,38.7,ANON-0000-0000-0103
2024-04-08,2024-04-08 11:01:20.464,Americano,28.9,ANON-0000-0000-0012
2024-04-08,2024-04-08 11:04:47.030,Cappuccino,38.7,ANON-0000-0000-0104
2024-04-08,2024-04-08 16:41:37.806,Latte,38.7,ANON-0000-0000-0017
2024-04-08,2024-04-08 18:18:09.713,Americano,28.9,ANON-0000-0000-0105
2024-04-08,2024-04-08 19:22:27.477,Americano with Milk,33.8,ANON-0000-0000-0024
2024-04-08,2024-04-08 19:23:59.268,Cappuccino,38.7,ANON-0000-0000-0106
2024-04-09,2024-04-09 11:42:28.468,Latte,38.7,ANON-0000-0000-0091
2024-04-09,2024-04-09 15:11:48.720,Hot Chocolate,38.7,ANON-0000-0000-0107
2024-04-09,2024-04-09 17:25:23.936,Hot Chocolate,38.7,ANON-0000-0000-0049
2024-04-10,2024-04-10 17:55:31.244,Espresso,24.0,ANON-0000-0000-0108
2024-04-10,2024-04-10 18:24:59.290,Cappuccino,38.7,ANON-0000-0000-0009
2024-04-10,2024-04-10 20:04:05.386,Latte,38.7,ANON-0000-0000-0109
2024-04-11,2024-04-11 10:41:23.155,Americano,28.9,ANON-0000-0000-0110
2024-04-11,2024-04-11 10:42:59.365,Americano,28.9,ANON-0000-0000-0110
2024-04-11,2024-04-11 16:35:23.069,Latte,38.7,ANON-0000-0000-0017
2024-04-11,2024-04-11 19:16:56.588,Cappuccino,38.7,ANON-0000-0000-0106
2024-04-11,2024-04-11 19:18:36.619,Americano with Milk,33.8,ANON-0000-0000-0024
2024-04-12,2024-04-12 19:03:43.403,Hot Chocolate,38.7,ANON-0000-0000-0019
2024-04-12,2024-04-12 19:38:23.189,Cortado,28.9,ANON-0000-0000-0009
2024-04-13,2024-04-13 12:29:19.823,Latte,38.7,ANON-0000-0000-0009
2024-04-13,2024-04-13 12:43:02.389,Americano,28.9,ANON-0000-0000-0012
2024-04-13,2024-04-13 16:18:03.938,Cappuccino,38.7,ANON-0000-0000-0111
2024-04-13,2024-04-13 16:19:39.799,Latte,38.7,ANON-0000-0000-0111
2024-04-13,2024-04-13 17:51:26.026,Cappuccino,38.7,ANON-0000-0000-0112
2024-04-13,2024-04-13 17:53:19.237,Cappuccino,38.7,ANON-0000-0000-0012
2024-04-14,2024-04-14 12:24:39.028,Cappuccino,38.7,ANON-0000-0000-0113
2024-04-14,2024-04-14 13:21:49.808,Cortado,28.9,ANON-0000-0000-0114
2024-04-14,2024-04-14 14:23:31.631,Americano,28.9,ANON-0000-0000-0012
2024-04-14,2024-04-14 14:24:26.930,Americano,28.9,ANON-0000-0000-0012
2024-04-14,2024-04-14 14:25:18.122,Americano,28.9,ANON-0000-0000-0012
2024-04-14,2024-04-14 15:46:27.733,Cappuccino,38.7,ANON-0000-0000-0017
2024-04-14,2024-04-14 16:59:54.823,Cortado,28.9,ANON-0000-0000-0012
2024-04-14,2024-04-14 17:00:45.387,Latte,38.7,ANON-0000-0000-0019
2024-04-14,2024-04-14 18:38:19.649,Cappuccino,38.7,ANON-0000-0000-0115
2024-04-15,2024-04-15 11:45:24.619,Americano,28.9,ANON-0000-0000-0064
2024-04-15,2024-04-15 17:01:46.359,Americano,28.9,ANON-0000-0000-0003
2024-04-15,2024-04-15 17:02:49.748,Americano with Milk,33.8,ANON-0000-0000-0004
2024-04-15,2024-04-15 19:33:03.036,Americano with Milk,33.8,ANON-0000-0000-0009
2024-04-16,2024-04-16 10:46:25.706,Americano with Milk,33.8,ANON-0000-0000-0116
2024-04-16,2024-04-16 12:40:47.675,Cocoa,38.7,ANON-0000-0000-0117
2024-04-16,2024-04-16 12:52:07.750,Cortado,28.9,ANON-0000-0000-0064
2024-04-16,2024-04-16 15:03:16.889,Americano,28.9,ANON-0000-0000-0118
2024-04-16,2024-04-16 17:42:04.208,Americano with Milk,33.8,ANON-0000-0000-0024
2024-04-16,2024-04-16 17:43:22.960,Cappuccino,38.7,ANON-0000-0000-0009
2024-04-16,2024-04-16 18:09:05.273,Cocoa,38.7,ANON-0000-0000-0050
2024-04-17,2024-04-17 13:32:59.792,Americano,28.9,ANON-0000-0000-0012
2024-04-17,2024-04-17 13:44:00.181,Espresso,24.0,ANON-0000-0000-0119
2024-04-17,2024-04-17 17:01:35.149,Cappuccino,38.7,ANON-0000-0000-0120
2024-04-17,2024-04-17 17:02:40.687,Cappuccino,38.7,ANON-0000-0000-0120
2024-04-17,2024-04-17 18:14:03.229,Cortado,28.9,ANON-0000-0000-0121
2024-04-18,2024-04-18 11:19:01.693,Americano,28.9,ANON-0000-0000-0003
2024-04-18,2024-04-18 11:20:05.696,Americano,28.9,ANON-0000-0000-0003
2024-04-18,2024-04-18 13:49:12.720,Americano with Milk,33.8,ANON-0000-0000-0122
2024-04-18,2024-04-18 13:50:17.285,Cortado,28.9,ANON-0000-0000-0122
2024-04-18,2024-04-18 14:34:19.818,Cappuccino,38.7,ANON-0000-0000-0123
2024-04-18,2024-04-18 14:35:49.354,Latte,38.7,ANON-0000-0000-0123
2024-04-18,2024-04-18 17:44:15.791,Latte,38.7,ANON-0000-0000-0069
2024-04-18,2024-04-18 18:21:05.945,Cappuccino,38.7,ANON-0000-0000-0085
2024-04-18,2024-04-18 19:39:51.193,Hot Chocolate,38.7,ANON-0000-0000-0024
2024-04-18,2024-04-18 19:40:48.954,Hot Chocolate,38.7,ANON-0000-0000-0009
2024-04-19,2024-04-19 10:10:36.254,Latte,38.7,ANON-0000-0000-0001
2024-04-19,2024-04-19 13:11:47.848,Americano with Milk,33.8,ANON-0000-0000-0040
2024-04-19,2024-04-19 13:13:20.876,Cappuccino,38.7,ANON-0000-0000-0040
2024-04-19,2024-04-19 13:58:54.064,Hot Chocolate,38.7,ANON-0000-0000-0124
2024-04-19,2024-04-19 13:59:49.690,Cappuccino,38.7,ANON-0000-0000-0124
2024-04-19,2024-04-19 18:23:19.311,Cocoa,38.7,ANON-0000-0000-0024
2024-04-19,2024-04-19 18:25:33.440,Americano with Milk,33.8,ANON-0000-0000-0009
2024-04-20,2024-04-20 12:08:35.701,Americano with Milk,33.8,ANON-0000-0000-0125
2024-04-20,2024-04-20 12:09:42.664,Americano with Milk,33.8,ANON-0000-0000-0125
2024-04-20,2024-04-20 13:08:37.378,Americano,28.9,ANON-0000-0000-0118
2024-04-20,2024-04-20 13:09:47.905,Americano with Milk,33.8,ANON-0000-0000-0118
2024-04-20,2024-04-20 13:10:55.151,Hot Chocolate,38.7,ANON-0000-0000-0118
2024-04-20,2024-04-20 14:44:18.118,Cappuccino,38.7,ANON-0000-0000-0040
2024-04-20,2024-04-20 15:11:00.330,Americano with Milk,33.8,ANON-0000-0000-0009
2024-04-20,2024-04-20 15:22:40.717,Americano with Milk,32.82,ANON-0000-0000-0012
2024-04-20,2024-04-20 15:49:25.148,Americano with Milk,32.82,ANON-0000-0000-0126
2024-04-20,2024-04-20 18:27:41.496,Cappuccino,37.72,ANON-0000-0000-0127
2024-04-20,2024-04-20 18:28:46.900,Cappuccino,37.72,ANON-0000-0000-0127
2024-04-20,2024-04-20 19:30:55.317,Latte,37.72,ANON-0000-0000-0128
2024-04-21,2024-04-21 11:16:45.707,Latte,37.72,ANON-0000-0000-0001
2024-04-21,2024-04-21 14:15:37.541,Americano,27.92,ANON-0000-0000-0099
2024-04-22,2024-04-22 11:09:16.412,Americano,27.92,ANON-0000-0000-0012
2024-04-22,2024-04-22 11:29:27.099,Americano with Milk,32.82,ANON-0000-0000-0129
2024-04-22,2024-04-22 19:39:04.759,Latte,37.72,ANON-0000-0000-0009
2024-04-23,2024-04-23 14:22:35.995,Cappuccino,37.72,ANON-0000-0000-0025
2024-04-23,2024-04-23 14:23:53.144,Americano with Milk,32.82,ANON-0000-0000-0024
2024-04-23,2024-04-23 14:24:57.515,Cappuccino,37.72,ANON-0000-0000-0009
2024-04-23,2024-04-23 19:42:27.765,Americano with Milk,32.82,ANON-0000-0000-0130
2024-04-23,2024-04-23 19:43:26.234,Americano with Milk,32.82,ANON-0000-0000-0130
2024-04-24,2024-04-24 10:19:38.346,Latte,37.72,ANON-0000-0000-0001
2024-04-24,2024-04-24 10:21:27.287,Americano with Milk,32.82,ANON-0000-0000-0131
2024-04-24,2024-04-24 11:23:46.102,Americano with Milk,32.82,ANON-0000-0000-0132
2024-04-24,2024-04-24 11:33:26.347,Americano with Milk,32.82,ANON-0000-0000-0133
2024-04-24,2024-04-24 12:39:09.298,Americano with Milk,32.82,ANON-0000-0000-0059
2024-04-24,2024-04-24 16:39:07.423,Americano with Milk,32.82,ANON-0000-0000-0009
2024-04-24,2024-04-24 19:39:49.983,Americano with Milk,32.82,ANON-0000-0000-0134
2024-04-24,2024-04-24 19:40:54.031,Cappuccino,37.72,ANON-0000-0000-0134
2024-04-25,2024-04-25 10:46:08.057,Americano,27.92,ANON-0000-0000-0135
2024-04-25,2024-04-25 15:18:26.971,Latte,37.72,ANON-0000-0000-0009
2024-04-25,2024-04-25 17:09:43.534,Americano,27.92,ANON-0000-0000-0012
2024-04-25,2024-04-25 17:10:49.153,Americano,27.92,ANON-0000-0000-0012
2024-04-26,2024-04-26 10:12:50.618,Latte,37.72,ANON-0000-0000-0001
2024-04-26,2024-04-26 12:01:30.580,Latte,37.72,ANON-0000-0000-0136
2024-04-26,2024-04-26 13:31:28.297,Cappuccino,37.72,ANON-0000-0000-0137
2024-04-26,2024-04-26 15:32:35.390,Americano,27.92,ANON-0000-0000-0012
2024-04-26,2024-04-26 15:33:33.132,Americano,27.92,ANON-0000-0000-0012
2024-04-26,2024-04-26 16:23:26.514,Cortado,27.92,ANON-0000-0000-0138
2024-04-26,2024-04-26 16:24:33.800,Americano,27.92,ANON-0000-0000-0139
2024-04-26,2024-04-26 19:32:07.112,Hot Chocolate,37.72,ANON-0000-0000-0009
2024-04-26,2024-04-26 19:33:30.220,Cocoa,37.72,ANON-0000-0000-0009
2024-04-27,2024-04-27 15:27:00.680,Cappuccino,37.72,ANON-0000-0000-0009
2024-04-28,2024-04-28 10:32:52.479,Latte,37.72,ANON-0000-0000-0001
2024-04-28,2024-04-28 12:30:09.749,Cappuccino,37.72,ANON-0000-0000-0140
2024-04-28,2024-04-28 18:27:08.230,Americano,27.92,ANON-0000-0000-0012
2024-04-28,2024-04-28 18:28:11.411,Americano,27.92,ANON-0000-0000-0012
2024-04-28,2024-04-28 18:29:02.374,Latte,37.72,ANON-0000-0000-0019
2024-04-29,2024-04-29 11:26:31.871,Cortado,27.92,ANON-0000-0000-0141
2024-04-29,2024-04-29 13:27:56.949,Americano,27.92,ANON-0000-0000-0003
2024-04-29,2024-04-29 13:28:53.899,Cortado,27.92,ANON-0000-0000-0003
2024-04-29,2024-04-29 13:53:35.730,Cortado,27.92,ANON-0000-0000-0141
2024-04-29,2024-04-29 13:54:24.357,Americano with Milk,32.82,ANON-0000-0000-0141
2024-04-29,2024-04-29 18:37:48.406,Cappuccino,37.72,ANON-0000-0000-0140
2024-04-29,2024-04-29 19:12:33.194,Cappuccino,37.72,ANON-0000-0000-0134
2024-04-29,2024-04-29 19:13:37.878,Cappuccino,37.72,ANON-0000-0000-0134
2024-04-30,2024-04-30 10:16:41.493,Latte,37.72,ANON-0000-0000-0142
2024-04-30,2024-04-30 10:34:52.250,Americano with Milk,32.82,ANON-0000-0000-0142
2024-04-30,2024-04-30 10:35:47.617,Americano with Milk,32.82,ANON-0000-0000-0142
2024-04-30,2024-04-30 13:41:52.325,Americano,27.92,ANON-0000-0000-0142
2024-04-30,2024-04-30 13:42:59.977,Americano with Milk,32.82,ANON-0000-0000-0142
2024-04-30,2024-04-30 19:19:18.139,Cappuccino,37.72,ANON-0000-0000-0142
2024-04-30,2024-04-30 19:30:04.003,Americano with Milk,32.82,ANON-0000-0000-0142
2024-04-30,2024-04-30 19:31:20.952,Latte,37.72,ANON-0000-0000-0142
2024-05-02,2024-05-02 10:33:55.746,Americano,27.92,ANON-0000-0000-0143
2024-05-02,2024-05-02 13:49:39.898,Americano with Milk,32.82,ANON-0000-0000-0133
2024-05-02,2024-05-02 18:36:22.138,Cappuccino,37.72,ANON-0000-0000-0144
2024-05-02,2024-05-02 18:41:11.220,Americano with Milk,32.82,ANON-0000-0000-0024
2024-05-02,2024-05-02 19:18:33.084,Latte,37.72,ANON-0000-0000-0145
2024-05-02,2024-05-02 19:19:56.359,Cappuccino,37.72,ANON-0000-0000-0145
2024-05-03,2024-05-03 14:30:00.923,Latte,37.72,ANON-0000-0000-0146
2024-05-03,2024-05-03 17:03:24.905,Latte,37.72,ANON-0000-0000-0147
2024-05-06,2024-05-06 10:05:17.920,Americano,27.92,ANON-0000-0000-0148
2024-05-06,2024-05-06 10:06:51.625,Cappuccino,37.72,ANON-0000-0000-0149
2024-05-06,2024-05-06 10:08:05.863,Americano with Milk,32.82,ANON-0000-0000-0149
2024-05-06,2024-05-06 10:09:07.977,Americano,27.92,ANON-0000-0000-0150
2024-05-06,2024-05-06 10:39:12.641,Cortado,27.92,ANON-0000-0000-0141
2024-05-06,2024-05-06 13:18:10.990,Cortado,27.92,ANON-0000-0000-0148
2024-05-06,2024-05-06 13:19:00.811,Americano,27.92,ANON-0000-0000-0148
2024-05-06,2024-05-06 19:18:12.989,Cappuccino,37.72,ANON-0000-0000-0151
2024-05-06,2024-05-06 19:19:49.548,Cappuccino,37.72,ANON-0000-0000-0151
2024-05-07,2024-05-07 10:44:55.582,Cocoa,37.72,ANON-0000-0000-0148
2024-05-07,2024-05-07 11:21:58.493,Cortado,27.92,ANON-0000-0000-0141
2024-05-07,2024-05-07 13:23:34.943,Cortado,27.92,ANON-0000-0000-0077
2024-05-07,2024-05-07 16:42:07.900,Cocoa,37.72,ANON-0000-0000-0148
2024-05-07,2024-05-07 16:55:38.805,Americano,27.92,ANON-0000-0000-0152
2024-05-07,2024-05-07 17:37:46.412,Cappuccino,37.72,ANON-0000-0000-0153
2024-05-07,2024-05-07 17:38:48.195,Latte,37.72,ANON-0000-0000-0153
2024-05-07,2024-05-07 19:12:12.524,Cappuccino,37.72,ANON-0000-0000-0154
2024-05-07,2024-05-07 19:13:12.195,Cappuccino,37.72,ANON-0000-0000-0154
2024-05-08,2024-05-08 10:07:28.863,Latte,37.72,ANON-0000-0000-0001
2024-05-09,2024-05-09 12:54:21.812,Cappuccino,37.72,ANON-0000-0000-0155
2024-05-09,2024-05-09 13:03:58.556,Americano,27.92,ANON-0000-0000-0156
2024-05-09,2024-05-09 13:04:57.647,Latte,37.72,ANON-0000-0000-0156
2024-05-09,2024-05-09 13:06:11.261,Latte,37.72,ANON-0000-0000-0156
2024-05-09,2024-05-09 13:07:16.409,Latte,37.72,ANON-0000-0000-0156
2024-05-09,2024-05-09 16:55:14.601,Americano,27.92,ANON-0000-0000-0118
2024-05-09,2024-05-09 16:56:14.989,Americano,27.92,ANON-0000-0000-0118
2024-05-09,2024-05-09 18:01:29.895,Americano,27.92,ANON-0000-0000-0157
2024-05-09,2024-05-09 18:13:56.226,Americano with Milk,32.82,ANON-0000-0000-0143
2024-05-10,2024-05-10 15:46:21.511,Latte,37.72,ANON-0000-0000-0158
2024-05-10,2024-05-10 15:47:32.508,Latte,37.72,ANON-0000-0000-0158
2024-05-11,2024-05-11 11:39:52.878,Latte,37.72,ANON-0000-0000-0069
2024-05-11,2024-05-11 17:20:30.398,Americano with Milk,32.82,ANON-0000-0000-0009
2024-05-11,2024-05-11 17:21:56.117,Cocoa,37.72,ANON-0000-0000-0026
2024-05-11,2024-05-11 17:23:57.301,Cappuccino,37.72,ANON-0000-0000-0040
2024-05-11,2024-05-11 17:28:54.132,Americano with Milk,32.82,ANON-0000-0000-0012
2024-05-11,2024-05-11 18:35:40.257,Cappuccino,37.72,ANON-0000-0000-0115
2024-05-11,2024-05-11 19:38:16.096,Latte,37.72,ANON-0000-0000-0159
2024-05-12,2024-05-12 10:20:42.512,Latte,37.72,ANON-0000-0000-0001
2024-05-12,2024-05-12 13:24:03.465,Latte,37.72,ANON-0000-0000-0160
2024-05-12,2024-05-12 13:27:39.043,Americano,27.92,ANON-0000-0000-0161
2024-05-12,2024-05-12 15:16:19.815,Latte,37.72,ANON-0000-0000-0077
2024-05-12,2024-05-12 15:38:02.422,Americano with Milk,32.82,ANON-0000-0000-0162
2024-05-12,2024-05-12 15:52:14.871,Americano with Milk,32.82,ANON-0000-0000-0163
2024-05-12,2024-05-12 16:04:21.133,Americano with Milk,32.82,ANON-0000-0000-0012
2024-05-12,2024-05-12 19:41:30.569,Americano with Milk,32.82,ANON-0000-0000-0009
2024-05-13,2024-05-13 11:03:53.348,Americano with Milk,32.82,ANON-0000-0000-0164
2024-05-14,2024-05-14 08:38:14.581,Americano,27.92,ANON-0000-0000-0012
2024-05-14,2024-05-14 08:39:25.455,Americano,27.92,ANON-0000-0000-0012
2024-05-14,2024-05-14 08:40:17.484,Americano,27.92,ANON-0000-0000-0012
2024-05-14,2024-05-14 10:19:23.174,Cappuccino,37.72,ANON-0000-0000-0012
2024-05-14,2024-05-14 11:32:29.372,Latte,37.72,ANON-0000-0000-0165
2024-05-14,2024-05-14 11:34:12.851,Cappuccino,37.72,ANON-0000-0000-0165
2024-05-14,2024-05-14 14:04:54.580,Cappuccino,37.72,ANON-0000-0000-0025
2024-05-14,2024-05-14 14:06:00.378,Americano with Milk,32.82,ANON-0000-0000-0009
2024-05-14,2024-05-14 15:01:54.785,Americano,27.92,ANON-0000-0000-0040
2024-05-14,2024-05-14 16:57:57.224,Americano with Milk,32.82,ANON-0000-0000-0166
2024-05-14,2024-05-14 16:59:10.194,Cappuccino,37.72,ANON-0000-0000-0166
2024-05-14,2024-05-14 22:51:25.227,Hot Chocolate,37.72,ANON-0000-0000-0167
2024-05-15,2024-05-15 08:40:05.661,Latte,37.72,ANON-0000-0000-0168
2024-05-15,2024-05-15 11:14:19.353,Espresso,23.02,ANON-0000-0000-0012
2024-05-15,2024-05-15 11:19:10.049,Americano,27.92,ANON-0000-0000-0012
2024-05-15,2024-05-15 13:34:35.102,Americano,27.92,ANON-0000-0000-0003
2024-05-15,2024-05-15 13:35:29.171,Americano,27.92,ANON-0000-0000-0003
2024-05-15,2024-05-15 13:36:27.339,Americano,27.92,ANON-0000-0000-0003
2024-05-15,2024-05-15 13:55:28.999,Americano with Milk,32.82,ANON-0000-0000-0164
2024-05-15,2024-05-15 14:38:52.347,Cortado,27.92,ANON-0000-0000-0169
2024-05-15,2024-05-15 14:39:44.367,Cortado,27.92,ANON-0000-0000-0012
2024-05-15,2024-05-15 17:28:58.620,Espresso,23.02,ANON-0000-0000-0170
2024-05-15,2024-05-15 20:20:34.769,Cappuccino,37.72,ANON-0000-0000-0171
2024-05-16,2024-05-16 10:38:42.458,Americano with Milk,32.82,ANON-0000-0000-0097
2024-05-16,2024-05-16 10:39:49.431,Americano with Milk,32.82,ANON-0000-0000-0172
2024-05-16,2024-05-16 12:14:00.097,Americano with Milk,32.82,ANON-0000-0000-0173
2024-05-16,2024-05-16 15:15:16.315,Hot Chocolate,37.72,ANON-0000-0000-0174
2024-05-16,2024-05-16 17:44:31.548,Latte,37.72,ANON-0000-0000-0069
2024-05-16,2024-05-16 18:12:56.934,Hot Chocolate,37.72,ANON-0000-0000-0175
2024-05-16,2024-05-16 18:13:58.191,Latte,37.72,ANON-0000-0000-0175
2024-05-17,2024-05-17 09:00:48.456,Americano,27.92,ANON-0000-0000-0033
2024-05-17,2024-05-17 11:30:27.553,Americano with Milk,32.82,ANON-0000-0000-0164
2024-05-17,2024-05-17 19:55:18.534,Americano with Milk,32.82,ANON-0000-0000-0012
2024-05-17,2024-05-17 19:56:46.751,Cappuccino,37.72,ANON-0000-0000-0009
2024-05-17,2024-05-17 20:37:52.930,Cappuccino,37.72,ANON-0000-0000-0176
2024-05-17,2024-05-17 22:34:50.797,Americano,27.92,ANON-0000-0000-0177
2024-05-17,2024-05-17 22:36:33.357,Latte,37.72,ANON-0000-0000-0178
2024-05-17,2024-05-17 22:37:42.821,Latte,37.72,ANON-0000-0000-0179
2024-05-18,2024-05-18 08:01:37.898,Cappuccino,37.72,ANON-0000-0000-0180
2024-05-18,2024-05-18 08:02:39.959,Cappuccino,37.72,ANON-0000-0000-0180
2024-05-18,2024-05-18 11:15:56.089,Americano with Milk,32.82,ANON-0000-0000-0181
2024-05-18,2024-05-18 16:48:29.374,Americano with Milk,32.82,ANON-0000-0000-0172
2024-05-18,2024-05-18 16:49:27.131,Americano with Milk,32.82,ANON-0000-0000-0097
2024-05-18,2024-05-18 19:58:44.210,Americano with Milk,32.82,ANON-0000-0000-0040
2024-05-18,2024-05-18 20:22:53.111,Latte,37.72,ANON-0000-0000-0009
2024-05-19,2024-05-19 07:58:38.312,Americano,27.92,ANON-0000-0000-0182
2024-05-19,2024-05-19 07:59:33.549,Americano,27.92,ANON-0000-0000-0182
2024-05-19,2024-05-19 08:00:35.061,Cappuccino,37.72,ANON-0000-0000-0183
2024-05-19,2024-05-19 12:14:26.676,Americano with Milk,32.82,ANON-0000-0000-0184
2024-05-19,2024-05-19 14:43:40.049,Americano,27.92,ANON-0000-0000-0012
2024-05-19,2024-05-19 15:58:58.192,Americano with Milk,32.82,ANON-0000-0000-0185
2024-05-19,2024-05-19 18:12:36.304,Americano with Milk,32.82,ANON-0000-0000-0186
2024-05-19,2024-05-19 18:13:47.762,Espresso,23.02,ANON-0000-0000-0186
2024-05-19,2024-05-19 18:16:30.022,Hot Chocolate,37.72,ANON-0000-0000-0186
2024-05-19,2024-05-19 19:51:06.979,Cappuccino,37.72,ANON-0000-0000-0187
2024-05-19,2024-05-19 21:15:41.761,Cappuccino,37.72,ANON-0000-0000-0188
2024-05-19,2024-05-19 21:18:36.101,Cappuccino,37.72,ANON-0000-0000-0189
2024-05-20,2024-05-20 10:05:59.163,Americano with Milk,32.82,ANON-0000-0000-0190
2024-05-20,2024-05-20 10:17:51.867,Latte,37.72,ANON-0000-0000-0191
2024-05-20,2024-05-20 10:58:48.379,Latte,37.72,ANON-0000-0000-0001
2024-05-20,2024-05-20 11:15:16.363,Americano,27.92,ANON-0000-0000-0143
2024-05-20,2024-05-20 11:16:19.637,Americano,27.92,ANON-0000-0000-0143
2024-05-20,2024-05-20 13:27:13.420,Americano,27.92,ANON-0000-0000-0003
2024-05-20,2024-05-20 13:28:10.440,Americano,27.92,ANON-0000-0000-0003
2024-05-20,2024-05-20 14:13:19.017,Americano with Milk,32.82,ANON-0000-0000-0192
2024-05-20,2024-05-20 14:14:31.354,Cappuccino,37.72,ANON-0000-0000-0192
2024-05-20,2024-05-20 17:12:51.121,Latte,37.72,ANON-0000-0000-0120
2024-05-20,2024-05-20 17:13:56.897,Latte,37.72,ANON-0000-0000-0193
2024-05-20,2024-05-20 20:36:48.320,Americano with Milk,32.82,ANON-0000-0000-0194
2024-05-20,2024-05-20 20:37:57.316,Cocoa,37.72,ANON-0000-0000-0194
2024-05-20,2024-05-20 20:46:52.085,Cortado,27.92,ANON-0000-0000-0195
2024-05-20,2024-05-20 21:36:53.986,Americano with Milk,32.82,ANON-0000-0000-0012
2024-05-20,2024-05-20 21:37:57.777,Americano with Milk,32.82,ANON-0000-0000-0012
2024-05-21,2024-05-21 08:27:38.230,Latte,37.72,ANON-0000-0000-0196
2024-05-21,2024-05-21 16:10:19.956,Latte,37.72,ANON-0000-0000-0197
2024-05-21,2024-05-21 18:13:23.998,Espresso,23.02,ANON-0000-0000-0012
2024-05-21,2024-05-21 19:11:09.212,Cappuccino,37.72,ANON-0000-0000-0198
2024-05-21,2024-05-21 20:13:48.358,Cappuccino,37.72,ANON-0000-0000-0199
2024-05-22,2024-05-22 09:34:41.818,Cappuccino,37.72,ANON-0000-0000-0200
2024-05-22,2024-05-22 10:49:47.044,Americano with Milk,32.82,ANON-0000-0000-0191
2024-05-22,2024-05-22 11:18:14.265,Cortado,27.92,ANON-0000-0000-0141
2024-05-22,2024-05-22 11:34:54.968,Americano with Milk,32.82,ANON-0000-0000-0097
2024-05-22,2024-05-22 12:29:50.841,Americano,27.92,ANON-0000-0000-0012
2024-05-22,2024-05-22 12:30:43.347,Americano,27.92,ANON-0000-0000-0012
2024-05-22,2024-05-22 14:00:20.499,Americano with Milk,32.82,ANON-0000-0000-0009
2024-05-22,2024-05-22 19:24:58.098,Cappuccino,37.72,ANON-0000-0000-0134
2024-05-22,2024-05-22 19:25:58.574,Cappuccino,37.72,ANON-0000-0000-0134
2024-05-22,2024-05-22 21:23:53.520,Hot Chocolate,37.72,ANON-0000-0000-0180
2024-05-22,2024-05-22 21:24:49.584,Cappuccino,37.72,ANON-0000-0000-0180
2024-05-23,2024-05-23 10:10:19.640,Cappuccino,37.72,ANON-0000-0000-0201
2024-05-23,2024-05-23 12:22:06.605,Espresso,23.02,ANON-0000-0000-0202
2024-05-23,2024-05-23 15:55:16.628,Cappuccino,37.72,ANON-0000-0000-0180
2024-05-23,2024-05-23 15:56:27.237,Cappuccino,37.72,ANON-0000-0000-0203
2024-05-23,2024-05-23 16:18:14.053,Cappuccino,37.72,ANON-0000-0000-0180
2024-05-23,2024-05-23 16:41:00.043,Latte,37.72,ANON-0000-0000-0077
2024-05-23,2024-05-23 17:14:33.237,Cappuccino,37.72,ANON-0000-0000-0153
2024-05-23,2024-05-23 17:15:44.861,Latte,37.72,ANON-0000-0000-0153
2024-05-23,2024-05-23 19:03:53.856,Cortado,27.92,ANON-0000-0000-0204
2024-05-23,2024-05-23 19:17:28.431,Cappuccino,37.72,ANON-0000-0000-0134
2024-05-23,2024-05-23 19:18:26.418,Cappuccino,37.72,ANON-0000-0000-0205
2024-05-23,2024-05-23 19:42:31.546,Cappuccino,37.72,ANON-0000-0000-0206
2024-05-23,2024-05-23 20:15:01.429,Cappuccino,37.72,ANON-0000-0000-0207
2024-05-23,2024-05-23 20:16:24.205,Latte,37.72,ANON-0000-0000-0207
2024-05-23,2024-05-23 22:48:10.813,Americano with Milk,32.82,ANON-0000-0000-0208
2024-05-24,2024-05-24 11:11:59.182,Cortado,27.92,ANON-0000-0000-0141
2024-05-24,2024-05-24 11:15:08.341,Americano,27.92,ANON-0000-0000-0012
2024-05-24,2024-05-24 11:16:13.016,Americano,27.92,ANON-0000-0000-0012
2024-05-24,2024-05-24 16:07:19.816,Hot Chocolate,37.72,ANON-0000-0000-0081
2024-05-24,2024-05-24 18:17:40.330,Cortado,27.92,ANON-0000-0000-0209
2024-05-24,2024-05-24 18:18:36.698,Cortado,27.92,ANON-0000-0000-0209
2024-05-24,2024-05-24 22:30:40.198,Americano with Milk,32.82,ANON-0000-0000-0210
2024-05-25,2024-05-25 12:13:53.388,Latte,37.72,ANON-0000-0000-0211
2024-05-25,2024-05-25 12:42:10.258,Americano with Milk,32.82,ANON-0000-0000-0212
2024-05-25,2024-05-25 12:43:13.275,Americano with Milk,32.82,ANON-0000-0000-0212
2024-05-25,2024-05-25 12:58:12.049,Americano with Milk,32.82,ANON-0000-0000-0213
2024-05-25,2024-05-25 16:47:09.557,Americano with Milk,32.82,ANON-0000-0000-0040
2024-05-25,2024-05-25 16:48:16.834,Americano,27.92,ANON-0000-0000-0040
2024-05-26,2024-05-26 10:20:02.233,Latte,37.72,ANON-0000-0000-0001
2024-05-26,2024-05-26 14:24:49.812,Americano with Milk,32.82,ANON-0000-0000-0214
2024-05-26,2024-05-26 14:26:05.248,Cortado,27.92,ANON-0000-0000-0215
2024-05-26,2024-05-26 14:40:58.882,Americano with Milk,32.82,ANON-0000-0000-0216
2024-05-26,2024-05-26 17:19:15.521,Cappuccino,37.72,ANON-0000-0000-0217
2024-05-26,2024-05-26 18:09:52.843,Hot Chocolate,37.72,ANON-0000-0000-0218
2024-05-26,2024-05-26 18:11:02.204,Hot Chocolate,37.72,ANON-0000-0000-0218
2024-05-26,2024-05-26 18:13:14.299,Americano,27.92,ANON-0000-0000-0218
2024-05-26,2024-05-26 18:39:18.794,Latte,37.72,ANON-0000-0000-0219
2024-05-26,2024-05-26 20:59:14.954,Hot Chocolate,37.72,ANON-0000-0000-0220
2024-05-26,2024-05-26 21:00:05.568,Cappuccino,37.72,ANON-0000-0000-0220
2024-05-26,2024-05-26 21:02:36.935,Cortado,27.92,ANON-0000-0000-0221
2024-05-26,2024-05-26 21:03:51.772,Cappuccino,37.72,ANON-0000-0000-0222
2024-05-26,2024-05-26 21:04:58.824,Latte,37.72,ANON-0000-0000-0221
2024-05-26,2024-05-26 21:06:02.621,Cappuccino,37.72,ANON-0000-0000-0223
2024-05-27,2024-05-27 11:34:55.252,Americano,27.92,ANON-0000-0000-0012
2024-05-27,2024-05-27 14:05:21.688,Americano with Milk,32.82,ANON-0000-0000-0224
2024-05-27,2024-05-27 14:06:43.564,Cocoa,37.72,ANON-0000-0000-0224
2024-05-27,2024-05-27 15:11:34.061,Americano,27.92,ANON-0000-0000-0225
2024-05-27,2024-05-27 15:14:05.788,Americano,27.92,ANON-0000-0000-0225
2024-05-27,2024-05-27 17:50:55.763,Latte,37.72,ANON-0000-0000-0203
2024-05-27,2024-05-27 18:00:50.983,Americano,27.92,ANON-0000-0000-0226
2024-05-27,2024-05-27 19:16:27.404,Latte,37.72,ANON-0000-0000-0227
2024-05-27,2024-05-27 19:17:38.729,Latte,37.72,ANON-0000-0000-0228
2024-05-27,2024-05-27 21:29:07.085,Americano with Milk,32.82,ANON-0000-0000-0192
2024-05-27,2024-05-27 21:30:19.772,Cappuccino,37.72,ANON-0000-0000-0206
2024-05-28,2024-05-28 08:37:09.028,Americano with Milk,32.82,ANON-0000-0000-0012
2024-05-28,2024-05-28 09:20:10.736,Americano with Milk,32.82,ANON-0000-0000-0097
2024-05-28,2024-05-28 11:48:18.494,Cappuccino,37.72,ANON-0000-0000-0229
2024-05-28,2024-05-28 13:14:40.435,Cappuccino,37.72,ANON-0000-0000-0230
2024-05-28,2024-05-28 14:10:53.691,Cocoa,37.72,ANON-0000-0000-0194
2024-05-28,2024-05-28 16:25:39.330,Cortado,27.92,ANON-0000-0000-0141
2024-05-28,2024-05-28 19:09:29.069,Americano,27.92,ANON-0000-0000-0231
2024-05-28,2024-05-28 19:10:31.070,Latte,37.72,ANON-0000-0000-0231
2024-05-28,2024-05-28 20:24:32.205,Americano with Milk,32.82,ANON-0000-0000-0009
2024-05-28,2024-05-28 20:50:19.449,Americano,27.92,ANON-0000-0000-0012
2024-05-29,2024-05-29 09:14:43.704,Latte,37.72,ANON-0000-0000-0232
2024-05-29,2024-05-29 11:14:02.855,Hot Chocolate,37.72,ANON-0000-0000-0233
2024-05-29,2024-05-29 15:10:48.545,Americano,27.92,ANON-0000-0000-0234
2024-05-29,2024-05-29 15:22:56.321,Latte,37.72,ANON-0000-0000-0235
2024-05-29,2024-05-29 15:45:12.738,Cappuccino,37.72,ANON-0000-0000-0236
2024-05-29,2024-05-29 16:45:03.950,Latte,37.72,ANON-0000-0000-0237
2024-05-29,2024-05-29 18:24:03.334,Cortado,27.92,ANON-0000-0000-0238
2024-05-29,2024-05-29 18:24:59.311,Latte,37.72,ANON-0000-0000-0238
2024-05-29,2024-05-29 20:30:42.240,Hot Chocolate,37.72,ANON-0000-0000-0239
2024-05-29,2024-05-29 20:32:35.200,Cocoa,37.72,ANON-0000-0000-0240
2024-05-30,2024-05-30 08:29:06.277,Cappuccino,37.72,ANON-0000-0000-0241
2024-05-30,2024-05-30 08:30:21.586,Latte,37.72,ANON-0000-0000-0241
2024-05-30,2024-05-30 08:37:05.382,Americano with Milk,32.82,ANON-0000-0000-0242
2024-05-30,2024-05-30 09:47:59.092,Latte,37.72,ANON-0000-0000-0001
2024-05-30,2024-05-30 14:56:15.473,Americano with Milk,32.82,ANON-0000-0000-0097
2024-05-30,2024-05-30 15:16:15.665,Espresso,23.02,ANON-0000-0000-0243
2024-05-30,2024-05-30 15:17:38.656,Espresso,23.02,ANON-0000-0000-0012
2024-05-30,2024-05-30 19:53:11.189,Cappuccino,37.72,ANON-0000-0000-0206
2024-05-30,2024-05-30 20:31:05.430,Latte,37.72,ANON-0000-0000-0244
2024-05-30,2024-05-30 20:46:13.835,Hot Chocolate,37.72,ANON-0000-0000-0009
2024-05-30,2024-05-30 20:47:21.586,Americano with Milk,32.82,ANON-0000-0000-0009
2024-05-31,2024-05-31 07:53:57.274,Americano with Milk,32.82,ANON-0000-0000-0245
2024-05-31,2024-05-31 09:21:07.821,Latte,37.72,ANON-0000-0000-0246
2024-05-31,2024-05-31 10:38:07.861,Hot Chocolate,37.72,ANON-0000-0000-0247
2024-05-31,2024-05-31 10:39:06.136,Cocoa,37.72,ANON-0000-0000-0248
2024-05-31,2024-05-31 14:50:12.976,Americano with Milk,32.82,ANON-0000-0000-0249
2024-05-31,2024-05-31 18:23:44.636,Latte,37.72,ANON-0000-0000-0250
2024-05-31,2024-05-31 18:25:03.271,Latte,37.72,ANON-0000-0000-0250
2024-05-31,2024-05-31 20:06:39.166,Cappuccino,37.72,ANON-0000-0000-0180
2024-05-31,2024-05-31 20:33:06.403,Americano with Milk,32.82,ANON-0000-0000-0134
2024-05-31,2024-05-31 20:34:32.903,Latte,37.72,ANON-0000-0000-0134
2024-05-31,2024-05-31 22:05:47.070,Cappuccino,37.72,ANON-0000-0000-0206
2024-05-31,2024-05-31 22:06:52.490,Americano with Milk,32.82,ANON-0000-0000-0206
2024-05-31,2024-05-31 22:07:55.368,Cortado,27.92,ANON-0000-0000-0206
2024-06-01,2024-06-01 08:27:01.745,Cortado,27.92,ANON-0000-0000-0141
2024-06-01,2024-06-01 09:48:24.750,Latte,37.72,ANON-0000-0000-0232
2024-06-01,2024-06-01 11:38:09.371,Latte,37.72,ANON-0000-0000-0250
2024-06-01,2024-06-01 14:28:53.739,Americano with Milk,32.82,ANON-0000-0000-0097
2024-06-01,2024-06-01 18:20:12.780,Americano with Milk,32.82,ANON-0000-0000-0251
2024-06-01,2024-06-01 18:21:15.363,Americano with Milk,32.82,ANON-0000-0000-0251
2024-06-01,2024-06-01 20:50:10.488,Cappuccino,37.72,ANON-0000-0000-0154
2024-06-01,2024-06-01 20:51:13.565,Cappuccino,37.72,ANON-0000-0000-0154
2024-06-01,2024-06-01 20:59:09.689,Cocoa,37.72,ANON-0000-0000-0252
2024-06-01,2024-06-01 21:51:04.971,Americano with Milk,32.82,ANON-0000-0000-0009
2024-06-02,2024-06-02 20:03:25.799,Latte,37.72,ANON-0000-0000-0009
2024-06-02,2024-06-02 20:24:02.449,Americano with Milk,32.82,ANON-0000-0000-0040
2024-06-02,2024-06-02 20:25:07.238,Cappuccino,37.72,ANON-0000-0000-0040
2024-06-02,2024-06-02 21:07:20.531,Americano with Milk,32.82,ANON-0000-0000-0097
2024-06-02,2024-06-02 21:30:12.430,Latte,37.72,ANON-0000-0000-0253
2024-06-03,2024-06-03 10:12:04.141,Latte,37.72,ANON-0000-0000-0001
2024-06-03,2024-06-03 10:27:49.797,Latte,37.72,ANON-0000-0000-0191
2024-06-03,2024-06-03 14:31:42.338,Cappuccino,37.72,ANON-0000-0000-0025
2024-06-03,2024-06-03 14:33:00.952,Americano with Milk,32.82,ANON-0000-0000-0024
2024-06-03,2024-06-03 14:34:06.922,Latte,37.72,ANON-0000-0000-0009
2024-06-04,2024-06-04 09:23:42.898,Cortado,27.92,ANON-0000-0000-0141
2024-06-04,2024-06-04 10:27:13.975,Americano with Milk,32.82,ANON-0000-0000-0097
2024-06-04,2024-06-04 12:02:10.213,Latte,37.72,ANON-0000-0000-0254
2024-06-04,2024-06-04 12:05:29.186,Hot Chocolate,37.72,ANON-0000-0000-0254
2024-06-04,2024-06-04 15:30:32.455,Latte,37.72,ANON-0000-0000-0255
2024-06-04,2024-06-04 17:46:36.661,Cortado,27.92,ANON-0000-0000-0192
2024-06-04,2024-06-04 17:47:28.847,Cappuccino,37.72,ANON-0000-0000-0192
2024-06-04,2024-06-04 20:13:01.204,Hot Chocolate,37.72,ANON-0000-0000-0256
2024-06-04,2024-06-04 20:50:33.896,Cappuccino,37.72,ANON-0000-0000-0257
2024-06-04,2024-06-04 21:31:58.908,Cortado,27.92,ANON-0000-0000-0258
2024-06-04,2024-06-04 21:33:02.621,Americano with Milk,32.82,ANON-0000-0000-0259
2024-06-04,2024-06-04 21:34:55.667,Americano with Milk,32.82,ANON-0000-0000-0260
2024-06-04,2024-06-04 21:36:06.924,Americano with Milk,32.82,ANON-0000-0000-0260
2024-06-04,2024-06-04 21:37:15.164,Americano with Milk,32.82,ANON-0000-0000-0260
2024-06-05,2024-06-05 08:21:48.964,Cappuccino,37.72,ANON-0000-0000-0261
2024-06-05,2024-06-05 08:23:06.723,Cappuccino,37.72,ANON-0000-0000-0261
2024-06-05,2024-06-05 09:22:43.108,Americano,27.92,ANON-0000-0000-0262
2024-06-05,2024-06-05 10:28:50.620,Latte,37.72,ANON-0000-0000-0001
2024-06-05,2024-06-05 10:40:53.188,Americano with Milk,32.82,ANON-0000-0000-0097
2024-06-05,2024-06-05 19:43:57.675,Americano with Milk,32.82,ANON-0000-0000-0263
2024-06-05,2024-06-05 19:59:53.527,Latte,37.72,ANON-0000-0000-0264
2024-06-05,2024-06-05 20:10:47.623,Cocoa,37.72,ANON-0000-0000-0220
2024-06-05,2024-06-05 20:12:01.658,Cortado,27.92,ANON-0000-0000-0220
2024-06-06,2024-06-06 08:52:56.351,Americano with Milk,32.82,ANON-0000-0000-0097
2024-06-06,2024-06-06 08:54:08.455,Americano with Milk,32.82,ANON-0000-0000-0097
2024-06-06,2024-06-06 10:36:09.667,Latte,37.72,ANON-0000-0000-0001
2024-06-06,2024-06-06 12:17:41.474,Americano,27.92,ANON-0000-0000-0265
2024-06-06,2024-06-06 15:11:14.185,Americano with Milk,32.82,ANON-0000-0000-0224
2024-06-06,2024-06-06 15:24:06.221,Cappuccino,37.72,ANON-0000-0000-0266
2024-06-06,2024-06-06 21:14:05.102,Latte,37.72,ANON-0000-0000-0267
2024-06-06,2024-06-06 21:15:42.227,Latte,37.72,ANON-0000-0000-0267
2024-06-06,2024-06-06 21:18:26.713,Cappuccino,37.72,ANON-0000-0000-0206
2024-06-06,2024-06-06 21:19:30.436,Americano with Milk,32.82,ANON-0000-0000-0206
2024-06-06,2024-06-06 21:21:04.440,Latte,37.72,ANON-0000-0000-0267
2024-06-07,2024-06-07 08:18:04.296,Cappuccino,37.72,ANON-0000-0000-0268
2024-06-07,2024-06-07 10:35:28.104,Espresso,23.02,ANON-0000-0000-0269
2024-06-07,2024-06-07 13:34:18.297,Americano with Milk,32.82,ANON-0000-0000-0164
2024-06-07,2024-06-07 16:45:42.218,Cortado,27.92,ANON-0000-0000-0270
2024-06-07,2024-06-07 16:47:15.481,Cortado,27.92,ANON-0000-0000-0270
2024-06-08,2024-06-08 09:04:20.016,Cortado,27.92,ANON-0000-0000-0271
2024-06-08,2024-06-08 09:26:11.160,Americano with Milk,32.82,ANON-0000-0000-0097
2024-06-08,2024-06-08 20:24:54.320,Cappuccino,37.72,ANON-0000-0000-0134
2024-06-08,2024-06-08 20:25:56.316,Cappuccino,37.72,ANON-0000-0000-0134
2024-06-09,2024-06-09 08:15:52.760,Latte,37.72,ANON-0000-0000-0097
2024-06-09,2024-06-09 10:30:04.461,Latte,37.72,ANON-0000-0000-0272
2024-06-09,2024-06-09 10:52:05.797,Cappuccino,37.72,ANON-0000-0000-0273
2024-06-09,2024-06-09 11:04:41.306,Cortado,27.92,ANON-0000-0000-0141
2024-06-09,2024-06-09 11:07:08.108,Espresso,23.02,ANON-0000-0000-0274
2024-06-09,2024-06-09 11:52:49.616,Cappuccino,37.72,ANON-0000-0000-0275
2024-06-09,2024-06-09 12:11:23.640,Americano with Milk,32.82,ANON-0000-0000-0276
2024-06-09,2024-06-09 12:13:08.067,Latte,37.72,ANON-0000-0000-0276
2024-06-09,2024-06-09 12:14:10.783,Latte,37.72,ANON-0000-0000-0276
2024-06-09,2024-06-09 15:10:30.692,Cortado,27.92,ANON-0000-0000-0277
2024-06-09,2024-06-09 16:17:28.189,Cappuccino,37.72,ANON-0000-0000-0278
2024-06-09,2024-06-09 19:21:19.277,Americano with Milk,32.82,ANON-0000-0000-0279
2024-06-09,2024-06-09 21:05:08.844,Americano,27.92,ANON-0000-0000-0280
2024-06-10,2024-06-10 12:47:49.861,Cappuccino,37.72,ANON-0000-0000-0281
2024-06-10,2024-06-10 12:56:48.268,Latte,37.72,ANON-0000-0000-0097
2024-06-10,2024-06-10 19:04:28.106,Hot Chocolate,37.72,ANON-0000-0000-0282
2024-06-10,2024-06-10 19:05:22.770,Hot Chocolate,37.72,ANON-0000-0000-0282
2024-06-10,2024-06-10 19:37:23.602,Latte,37.72,ANON-0000-0000-0283
2024-06-10,2024-06-10 19:38:19.678,Latte,37.72,ANON-0000-0000-0283
2024-06-11,2024-06-11 10:38:03.953,Americano with Milk,32.82,ANON-0000-0000-0284
2024-06-11,2024-06-11 18:48:25.292,Latte,37.72,ANON-0000-0000-0285
2024-06-11,2024-06-11 18:49:36.428,Latte,37.72,ANON-0000-0000-0285
2024-06-11,2024-06-11 21:17:03.344,Hot Chocolate,37.72,ANON-0000-0000-0286
2024-06-11,2024-06-11 21:27:41.900,Americano with Milk,32.82,ANON-0000-0000-0287
2024-06-11,2024-06-11 21:28:50.220,Americano with Milk,32.82,ANON-0000-0000-0287
2024-06-12,2024-06-12 10:18:18.786,Hot Chocolate,37.72,ANON-0000-0000-0288
2024-06-12,2024-06-12 11:51:43.858,Cappuccino,37.72,ANON-0000-0000-0289
2024-06-12,2024-06-12 17:41:17.179,Latte,37.72,ANON-0000-0000-0283
2024-06-12,2024-06-12 17:47:27.878,Latte,37.72,ANON-0000-0000-0290
2024-06-12,2024-06-12 20:16:33.648,Hot Chocolate,37.72,ANON-0000-0000-0256
2024-06-12,2024-06-12 20:25:34.239,Americano with Milk,32.82,ANON-0000-0000-0291
2024-06-13,2024-06-13 08:54:24.207,Americano,27.92,ANON-0000-0000-0292
2024-06-13,2024-06-13 08:57:25.592,Latte,37.72,ANON-0000-0000-0097
2024-06-13,2024-06-13 09:50:25.038,Americano with Milk,32.82,ANON-0000-0000-0293
2024-06-13,2024-06-13 09:57:11.518,Cortado,27.92,ANON-0000-0000-0141
2024-06-13,2024-06-13 17:04:58.601,Americano with Milk,32.82,ANON-0000-0000-0294
2024-06-13,2024-06-13 17:27:46.626,Hot Chocolate,37.72,ANON-0000-0000-0295
2024-06-13,2024-06-13 19:22:19.083,Latte,37.72,ANON-0000-0000-0296
2024-06-13,2024-06-13 20:20:51.762,Americano with Milk,32.82,ANON-0000-0000-0012
2024-06-13,2024-06-13 20:43:45.991,Espresso,23.02,ANON-0000-0000-0012
2024-06-13,2024-06-13 20:45:00.615,Espresso,23.02,ANON-0000-0000-0295
2024-06-13,2024-06-13 20:48:17.902,Americano with Milk,32.82,ANON-0000-0000-0009
2024-06-13,2024-06-13 21:02:28.377,Americano with Milk,32.82,ANON-0000-0000-0009
2024-06-14,2024-06-14 07:46:13.238,Cortado,27.92,ANON-0000-0000-0141
2024-06-14,2024-06-14 10:30:31.584,Americano,27.92,ANON-0000-0000-0297
2024-06-14,2024-06-14 12:14:41.696,Latte,37.72,ANON-0000-0000-0097
2024-06-14,2024-06-14 18:29:53.399,Americano with Milk,32.82,ANON-0000-0000-0298
2024-06-15,2024-06-15 11:26:01.974,Cappuccino,37.72,ANON-0000-0000-0299
2024-06-15,2024-06-15 12:21:28.135,Latte,37.72,ANON-0000-0000-0300
2024-06-15,2024-06-15 12:22:46.942,Americano with Milk,32.82,ANON-0000-0000-0300
2024-06-15,2024-06-15 12:23:52.166,Espresso,23.02,ANON-0000-0000-0300
2024-06-15,2024-06-15 12:24:35.130,Cocoa,37.72,ANON-0000-0000-0300
2024-06-15,2024-06-15 12:25:23.960,Americano with Milk,32.82,ANON-0000-0000-0300
2024-06-15,2024-06-15 16:03:29.909,Americano with Milk,32.82,ANON-0000-0000-0301
2024-06-15,2024-06-15 18:14:04.623,Americano,27.92,ANON-0000-0000-0302
2024-06-16,2024-06-16 10:43:51.456,Americano with Milk,32.82,ANON-0000-0000-0059
2024-06-16,2024-06-16 10:58:41.366,Latte,37.72,ANON-0000-0000-0303
2024-06-16,2024-06-16 11:00:38.191,Hot Chocolate,37.72,ANON-0000-0000-0303
2024-06-16,2024-06-16 11:01:41.488,Hot Chocolate,37.72,ANON-0000-0000-0303
2024-06-16,2024-06-16 12:49:27.624,Americano with Milk,32.82,ANON-0000-0000-0276
2024-06-16,2024-06-16 14:00:38.992,Espresso,23.02,ANON-0000-0000-0274
2024-06-16,2024-06-16 15:02:36.332,Americano with Milk,32.82,ANON-0000-0000-0304
2024-06-16,2024-06-16 15:05:10.421,Americano with Milk,32.82,ANON-0000-0000-0304
2024-06-16,2024-06-16 15:43:59.593,Hot Chocolate,37.72,ANON-0000-0000-0305
2024-06-16,2024-06-16 16:47:36.521,Hot Chocolate,37.72,ANON-0000-0000-0306
2024-06-16,2024-06-16 17:45:17.267,Americano with Milk,32.82,ANON-0000-0000-0059
2024-06-16,2024-06-16 17:46:16.554,Americano with Milk,32.82,ANON-0000-0000-0059
2024-06-17,2024-06-17 08:57:24.044,Americano,27.92,ANON-0000-0000-0307
2024-06-17,2024-06-17 10:12:05.139,Cortado,27.92,ANON-0000-0000-0308
2024-06-17,2024-06-17 10:13:37.575,Cortado,27.92,ANON-0000-0000-0308
2024-06-17,2024-06-17 10:55:51.608,Cappuccino,37.72,ANON-0000-0000-0042
2024-06-17,2024-06-17 14:51:35.381,Cappuccino,37.72,ANON-0000-0000-0164
2024-06-17,2024-06-17 16:50:13.441,Cappuccino,37.72,ANON-0000-0000-0012
2024-06-17,2024-06-17 16:51:11.038,Cappuccino,37.72,ANON-0000-0000-0012
2024-06-17,2024-06-17 16:52:36.336,Americano,27.92,ANON-0000-0000-0012
2024-06-17,2024-06-17 18:51:19.631,Americano,27.92,ANON-0000-0000-0309
2024-06-17,2024-06-17 21:16:11.485,Americano with Milk,32.82,ANON-0000-0000-0009
2024-06-18,2024-06-18 14:04:06.125,Americano,27.92,ANON-0000-0000-0299
2024-06-18,2024-06-18 14:05:12.313,Cappuccino,37.72,ANON-0000-0000-0299
2024-06-18,2024-06-18 19:20:40.571,Cappuccino,37.72,ANON-0000-0000-0154
2024-06-18,2024-06-18 19:21:38.892,Cappuccino,37.72,ANON-0000-0000-0154
2024-06-18,2024-06-18 20:35:49.497,Cortado,27.92,ANON-0000-0000-0310
2024-06-18,2024-06-18 21:20:49.526,Americano with Milk,32.82,ANON-0000-0000-0012
2024-06-18,2024-06-18 21:22:18.518,Americano with Milk,32.82,ANON-0000-0000-0012
2024-06-19,2024-06-19 07:47:19.833,Latte,37.72,ANON-0000-0000-0311
2024-06-19,2024-06-19 08:17:54.508,Cortado,27.92,ANON-0000-0000-0141
2024-06-19,2024-06-19 10:54:00.492,Americano,27.92,ANON-0000-0000-0312
2024-06-19,2024-06-19 11:11:27.807,Latte,37.72,ANON-0000-0000-0313
2024-06-19,2024-06-19 11:12:31.412,Cocoa,37.72,ANON-0000-0000-0313
2024-06-19,2024-06-19 14:21:36.258,Americano with Milk,32.82,ANON-0000-0000-0164
2024-06-19,2024-06-19 18:28:43.437,Cappuccino,37.72,ANON-0000-0000-0153
2024-06-19,2024-06-19 18:29:58.961,Latte,37.72,ANON-0000-0000-0153
2024-06-19,2024-06-19 19:31:31.293,Americano with Milk,32.82,ANON-0000-0000-0009
2024-06-19,2024-06-19 21:28:59.485,Cappuccino,37.72,ANON-0000-0000-0192
2024-06-19,2024-06-19 21:30:03.484,Americano with Milk,32.82,ANON-0000-0000-0192
2024-06-20,2024-06-20 10:50:06.453,Latte,37.72,ANON-0000-0000-0097
2024-06-20,2024-06-20 18:59:02.082,Latte,37.72,ANON-0000-0000-0314
2024-06-20,2024-06-20 19:00:00.237,Latte,37.72,ANON-0000-0000-0314
2024-06-20,2024-06-20 21:39:10.013,Latte,37.72,ANON-0000-0000-0257
2024-06-20,2024-06-20 21:57:40.554,Latte,37.72,ANON-0000-0000-0009
2024-06-20,2024-06-20 21:59:17.598,Americano with Milk,32.82,ANON-0000-0000-0009
2024-06-21,2024-06-21 09:59:55.930,Latte,37.72,ANON-0000-0000-0311
2024-06-21,2024-06-21 10:01:40.183,Americano,27.92,ANON-0000-0000-0315
2024-06-21,2024-06-21 13:19:19.416,Americano with Milk,32.82,ANON-0000-0000-0012
2024-06-21,2024-06-21 13:20:31.513,Americano with Milk,32.82,ANON-0000-0000-0012
2024-06-21,2024-06-21 18:12:16.064,Espresso,23.02,ANON-0000-0000-0316
2024-06-21,2024-06-21 19:30:26.651,Latte,37.72,ANON-0000-0000-0009
2024-06-21,2024-06-21 19:47:06.201,Cappuccino,37.72,ANON-0000-0000-0154
2024-06-21,2024-06-21 19:48:06.713,Cappuccino,37.72,ANON-0000-0000-0154
2024-06-21,2024-06-21 19:49:54.505,Cappuccino,37.72,ANON-0000-0000-0180
2024-06-21,2024-06-21 19:51:00.211,Cappuccino,37.72,ANON-0000-0000-0180
2024-06-21,2024-06-21 19:52:18.775,Americano,27.92,ANON-0000-0000-0180
2024-06-21,2024-06-21 19:55:37.142,Americano with Milk,32.82,ANON-0000-0000-0311
2024-06-22,2024-06-22 08:39:50.273,Cortado,27.92,ANON-0000-0000-0141
2024-06-22,2024-06-22 09:37:48.779,Americano with Milk,32.82,ANON-0000-0000-0311
2024-06-22,2024-06-22 12:53:15.541,Americano with Milk,32.82,ANON-0000-0000-0317
2024-06-22,2024-06-22 15:37:20.137,Latte,37.72,ANON-0000-0000-0009
2024-06-22,2024-06-22 22:10:22.998,Cappuccino,37.72,ANON-0000-0000-0318
2024-06-23,2024-06-23 18:12:01.406,Americano with Milk,32.82,ANON-0000-0000-0012
2024-06-23,2024-06-23 18:13:50.638,Americano with Milk,32.82,ANON-0000-0000-0012
2024-06-23,2024-06-23 21:06:46.956,Cappuccino,37.72,ANON-0000-0000-0319
2024-06-23,2024-06-23 21:29:07.823,Latte,37.72,ANON-0000-0000-0320
2024-06-23,2024-06-23 21:30:36.375,Cappuccino,37.72,ANON-0000-0000-0320
2024-06-24,2024-06-24 11:44:39.939,Americano with Milk,32.82,ANON-0000-0000-0164
2024-06-24,2024-06-24 11:49:36.044,Cappuccino,37.72,ANON-0000-0000-0180
2024-06-24,2024-06-24 11:50:44.080,Cappuccino,37.72,ANON-0000-0000-0180
2024-06-24,2024-06-24 15:02:28.995,Latte,37.72,ANON-0000-0000-0321
2024-06-24,2024-06-24 16:46:00.573,Cappuccino,37.72,ANON-0000-0000-0203
2024-06-24,2024-06-24 16:47:00.409,Cappuccino,37.72,ANON-0000-0000-0203
2024-06-25,2024-06-25 08:19:24.244,Latte,37.72,ANON-0000-0000-0322
2024-06-25,2024-06-25 10:28:26.408,Americano with Milk,32.82,ANON-0000-0000-0012
2024-06-25,2024-06-25 10:29:42.410,Americano with Milk,32.82,ANON-0000-0000-0040
2024-06-25,2024-06-25 11:34:52.296,Cappuccino,37.72,ANON-0000-0000-0203
2024-06-26,2024-06-26 09:33:01.706,Latte,37.72,ANON-0000-0000-0323
2024-06-26,2024-06-26 16:32:29.453,Espresso,23.02,ANON-0000-0000-0324
2024-06-26,2024-06-26 16:34:01.607,Americano,27.92,ANON-0000-0000-0325
2024-06-26,2024-06-26 21:21:53.296,Latte,37.72,ANON-0000-0000-0009
2024-06-26,2024-06-26 21:27:00.807,Cappuccino,37.72,ANON-0000-0000-0009
2024-06-26,2024-06-26 21:28:14.566,Americano with Milk,32.82,ANON-0000-0000-0206
2024-06-27,2024-06-27 09:15:43.173,Americano with Milk,32.82,ANON-0000-0000-0326
2024-06-27,,Cortado,27.92,ANON-0000-0000-0327
2024-06-27,2024-06-27 21:44:03.372,Americano with Milk,32.82,ANON-0000-0000-0328
2024-06-27,2024-06-27 21:50:31.617,Cappuccino,37.72,ANON-0000-0000-0329
2024-06-28,2024-06-28 08:08:35.044,Cortado,27.92,ANON-0000-0000-0141
2024-06-28,2024-06-28 17:51:53.993,Espresso,23.02,ANON-0000-0000-0274
2024-06-28,2024-06-28 21:50:55.375,Americano with Milk,32.82,ANON-0000-0000-0330
2024-06-28,2024-06-28 21:52:01.867,Latte,37.72,ANON-0000-0000-0331
2024-06-28,2024-06-28 22:28:19.976,Cappuccino,37.72,ANON-0000-0000-0332
2024-06-29,2024-06-29 09:47:10.304,Americano with Milk,32.82,ANON-0000-0000-0097
2024-06-29,2024-06-29 11:40:19.582,Americano with Milk,32.82,ANON-0000-0000-0333
2024-06-29,2024-06-29 11:41:26.609,Americano with Milk,32.82,ANON-0000-0000-0333
2024-06-29,2024-06-29 12:30:24.358,Cappuccino,37.72,ANON-0000-0000-0334
2024-06-29,2024-06-29 12:31:42.582,Cappuccino,37.72,ANON-0000-0000-0334
2024-06-29,2024-06-29 17:23:43.583,Cappuccino,37.72,ANON-0000-0000-0335
2024-06-29,2024-06-29 17:24:52.377,Hot Chocolate,37.72,ANON-0000-0000-0335
2024-06-29,2024-06-29 21:27:22.449,Latte,37.72,ANON-0000-0000-0009
2024-06-30,2024-06-30 10:28:09.842,Latte,37.72,ANON-0000-0000-0336
2024-06-30,2024-06-30 13:05:50.620,Espresso,23.02,ANON-0000-0000-0337
2024-06-30,2024-06-30 16:54:41.679,Hot Chocolate,37.72,ANON-0000-0000-0009
2024-06-30,2024-06-30 21:04:09.746,Americano with Milk,32.82,ANON-0000-0000-0097
2024-07-01,2024-07-01 18:07:26.760,Espresso,23.02,ANON-0000-0000-0012
2024-07-01,2024-07-01 18:56:51.844,Cappuccino,37.72,ANON-0000-0000-0338
2024-07-01,2024-07-01 18:57:54.267,Cappuccino,37.72,ANON-0000-0000-0339
2024-07-02,2024-07-02 10:42:54.057,Americano with Milk,32.82,ANON-0000-0000-0304
2024-07-02,2024-07-02 10:45:00.617,Americano,27.92,ANON-0000-0000-0304
2024-07-02,2024-07-02 12:48:05.181,Latte,37.72,ANON-0000-0000-0019
2024-07-02,2024-07-02 14:03:13.231,Americano,27.92,ANON-0000-0000-0340
2024-07-02,2024-07-02 16:31:24.337,Americano with Milk,32.82,ANON-0000-0000-0341
2024-07-02,2024-07-02 22:02:23.576,Americano with Milk,32.82,ANON-0000-0000-0329
2024-07-03,2024-07-03 13:51:14.935,Americano with Milk,32.82,ANON-0000-0000-0012
2024-07-03,2024-07-03 16:01:16.554,Cappuccino,37.72,ANON-0000-0000-0342
2024-07-03,2024-07-03 16:50:25.223,Cappuccino,37.72,ANON-0000-0000-0343
2024-07-03,2024-07-03 16:53:15.618,Americano with Milk,32.82,ANON-0000-0000-0270
2024-07-03,2024-07-03 16:54:22.907,Americano with Milk,32.82,ANON-0000-0000-0344
2024-07-03,2024-07-03 16:55:31.423,Latte,37.72,ANON-0000-0000-0270
2024-07-03,2024-07-03 16:59:25.580,Espresso,23.02,ANON-0000-0000-0345
2024-07-03,2024-07-03 17:59:01.827,Cappuccino,37.72,ANON-0000-0000-0346
2024-07-03,2024-07-03 19:06:09.136,Latte,37.72,ANON-0000-0000-0009
2024-07-04,2024-07-04 10:26:23.725,Americano with Milk,32.82,ANON-0000-0000-0143
2024-07-04,2024-07-04 10:27:30.261,Americano,27.92,ANON-0000-0000-0012
2024-07-05,2024-07-05 12:20:28.670,Cocoa,37.72,ANON-0000-0000-0058
2024-07-05,2024-07-05 13:43:43.134,Americano with Milk,32.82,ANON-0000-0000-0040
2024-07-05,2024-07-05 13:44:43.829,Americano with Milk,32.82,ANON-0000-0000-0347
2024-07-05,2024-07-05 18:55:56.308,Espresso,23.02,ANON-0000-0000-0348
2024-07-05,2024-07-05 19:55:07.812,Americano,27.92,ANON-0000-0000-0099
2024-07-05,2024-07-05 22:11:56.471,Espresso,23.02,ANON-0000-0000-0349
2024-07-05,2024-07-05 22:18:03.324,Americano,27.92,ANON-0000-0000-0350
2024-07-05,2024-07-05 22:18:56.945,Americano,27.92,ANON-0000-0000-0350
2024-07-05,2024-07-05 22:20:01.149,Cappuccino,37.72,ANON-0000-0000-0351
2024-07-05,2024-07-05 22:21:09.457,Americano with Milk,32.82,ANON-0000-0000-0351
2024-07-06,2024-07-06 10:28:06.826,Latte,37.72,ANON-0000-0000-0352
2024-07-06,2024-07-06 17:15:46.042,Latte,32.82,ANON-0000-0000-0009
2024-07-06,2024-07-06 17:17:01.046,Latte,32.82,ANON-0000-0000-0009
2024-07-06,2024-07-06 19:09:46.107,Latte,32.82,ANON-0000-0000-0012
2024-07-06,2024-07-06 19:10:39.580,Americano with Milk,27.92,ANON-0000-0000-0012
2024-07-07,2024-07-07 09:04:20.169,Cappuccino,32.82,ANON-0000-0000-0303
2024-07-07,2024-07-07 09:14:29.225,Americano with Milk,27.92,ANON-0000-0000-0353
2024-07-07,2024-07-07 09:15:36.815,Americano with Milk,27.92,ANON-0000-0000-0353
2024-07-07,2024-07-07 09:28:48.876,Cappuccino,32.82,ANON-0000-0000-0354
2024-07-07,2024-07-07 09:29:56.189,Cappuccino,32.82,ANON-0000-0000-0354
2024-07-07,2024-07-07 14:56:30.193,Hot Chocolate,32.82,ANON-0000-0000-0355
2024-07-07,2024-07-07 14:57:47.411,Cocoa,32.82,ANON-0000-0000-0355
2024-07-07,2024-07-07 17:07:50.284,Latte,32.82,ANON-0000-0000-0356
2024-07-07,2024-07-07 19:33:27.187,Cappuccino,32.82,ANON-0000-0000-0357
2024-07-07,2024-07-07 20:01:31.653,Hot Chocolate,32.82,ANON-0000-0000-0358
2024-07-07,2024-07-07 22:33:36.255,Americano with Milk,27.92,ANON-0000-0000-0359
2024-07-08,2024-07-08 07:33:07.724,Latte,32.82,ANON-0000-0000-0360
2024-07-08,2024-07-08 12:02:50.421,Americano,23.02,ANON-0000-0000-0361
2024-07-08,2024-07-08 14:40:24.350,Americano,23.02,ANON-0000-0000-0362
2024-07-08,2024-07-08 19:30:34.976,Americano with Milk,27.92,ANON-0000-0000-0363
2024-07-08,2024-07-08 22:14:46.180,Latte,32.82,ANON-0000-0000-0019
2024-07-09,2024-07-09 10:26:52.138,Americano with Milk,27.92,ANON-0000-0000-0333
2024-07-09,2024-07-09 10:40:28.767,Americano with Milk,27.92,ANON-0000-0000-0276
2024-07-09,2024-07-09 11:21:36.103,Americano with Milk,27.92,ANON-0000-0000-0194
2024-07-09,2024-07-09 11:22:49.904,Cappuccino,32.82,ANON-0000-0000-0194
2024-07-09,2024-07-09 16:42:59.535,Americano with Milk,27.92,ANON-0000-0000-0364
2024-07-10,2024-07-10 11:10:41.690,Americano,23.02,ANON-0000-0000-0365
2024-07-10,2024-07-10 12:28:53.659,Americano with Milk,27.92,ANON-0000-0000-0366
2024-07-10,2024-07-10 22:13:10.049,Latte,32.82,ANON-0000-0000-0328
2024-07-11,2024-07-11 11:27:27.562,Hot Chocolate,32.82,ANON-0000-0000-0367
2024-07-11,2024-07-11 16:48:18.709,Americano with Milk,27.92,ANON-0000-0000-0368
2024-07-11,2024-07-11 22:22:13.648,Latte,32.82,ANON-0000-0000-0369
2024-07-11,2024-07-11 22:30:58.541,Americano,23.02,ANON-0000-0000-0370
2024-07-12,2024-07-12 08:03:17.492,Cortado,23.02,ANON-0000-0000-0371
2024-07-12,2024-07-12 11:48:33.381,Hot Chocolate,32.82,ANON-0000-0000-0372
2024-07-12,2024-07-12 22:33:25.589,Hot Chocolate,32.82,ANON-0000-0000-0178
2024-07-12,2024-07-12 22:34:14.307,Hot Chocolate,32.82,ANON-0000-0000-0177
2024-07-12,2024-07-12 22:35:29.518,Hot Chocolate,32.82,ANON-0000-0000-0179
2024-07-13,2024-07-13 10:38:10.273,Latte,32.82,ANON-0000-0000-0365
2024-07-13,2024-07-13 11:41:38.089,Latte,32.82,ANON-0000-0000-0365
2024-07-14,2024-07-14 10:54:24.307,Americano,23.02,ANON-0000-0000-0373
2024-07-14,2024-07-14 10:55:30.525,Americano with Milk,27.92,ANON-0000-0000-0373
2024-07-14,2024-07-14 10:56:30.251,Cappuccino,32.82,ANON-0000-0000-0373
2024-07-14,2024-07-14 10:57:54.062,Latte,32.82,ANON-0000-0000-0374
2024-07-14,2024-07-14 11:02:11.798,Americano,23.02,ANON-0000-0000-0375
2024-07-14,2024-07-14 22:31:29.976,Latte,32.82,ANON-0000-0000-0376
2024-07-15,2024-07-15 07:33:05.557,Cappuccino,32.82,ANON-0000-0000-0377
2024-07-16,2024-07-16 12:23:37.467,Americano with Milk,27.92,ANON-0000-0000-0378
2024-07-16,2024-07-16 19:29:25.485,Hot Chocolate,32.82,ANON-0000-0000-0367
2024-07-17,2024-07-17 13:04:59.744,Americano with Milk,27.92,ANON-0000-0000-0379
2024-07-18,2024-07-18 11:10:13.393,Americano with Milk,27.92,ANON-0000-0000-0380
2024-07-18,2024-07-18 11:11:23.434,Espresso,18.12,ANON-0000-0000-0381
2024-07-18,2024-07-18 11:32:59.624,Americano,23.02,ANON-0000-0000-0059
2024-07-18,2024-07-18 11:34:48.437,Americano,23.02,ANON-0000-0000-0059
2024-07-18,2024-07-18 11:35:51.505,Cortado,23.02,ANON-0000-0000-0059
2024-07-18,2024-07-18 13:23:33.812,Latte,32.82,ANON-0000-0000-0375
2024-07-18,2024-07-18 18:18:23.378,Cappuccino,32.82,ANON-0000-0000-0382
2024-07-18,2024-07-18 19:30:50.562,Latte,32.82,ANON-0000-0000-0009
2024-07-18,2024-07-18 21:19:41.814,Hot Chocolate,32.82,ANON-0000-0000-0383
2024-07-18,2024-07-18 21:21:59.855,Latte,32.82,ANON-0000-0000-0383
2024-07-18,2024-07-18 21:46:18.674,Latte,32.82,ANON-0000-0000-0384
2024-07-19,2024-07-19 11:03:02.341,Americano,23.02,ANON-0000-0000-0375
2024-07-19,2024-07-19 11:16:20.509,Americano with Milk,27.92,ANON-0000-0000-0385
2024-07-19,2024-07-19 12:58:37.561,Latte,32.82,ANON-0000-0000-0386
2024-07-19,2024-07-19 12:59:55.383,Americano with Milk,27.92,ANON-0000-0000-0386
2024-07-19,2024-07-19 14:09:20.716,Latte,32.82,ANON-0000-0000-0384
2024-07-19,2024-07-19 14:11:22.105,Cocoa,32.82,ANON-0000-0000-0384
2024-07-19,2024-07-19 16:36:19.272,Latte,32.82,ANON-0000-0000-0384
2024-07-19,2024-07-19 16:37:35.808,Latte,32.82,ANON-0000-0000-0384
2024-07-20,2024-07-20 08:05:44.469,Americano,23.02,ANON-0000-0000-0387
2024-07-20,2024-07-20 08:06:48.685,Latte,32.82,ANON-0000-0000-0387
2024-07-20,2024-07-20 08:07:51.433,Americano,23.02,ANON-0000-0000-0387
2024-07-20,2024-07-20 09:00:53.605,Latte,32.82,ANON-0000-0000-0388
2024-07-20,2024-07-20 09:02:27.848,Latte,32.82,ANON-0000-0000-0389
2024-07-20,2024-07-20 10:39:21.044,Americano,23.02,ANON-0000-0000-0390
2024-07-20,2024-07-20 15:15:09.221,Latte,32.82,ANON-0000-0000-0391
2024-07-21,2024-07-21 10:30:55.818,Cocoa,32.82,ANON-0000-0000-0367
2024-07-21,2024-07-21 11:39:28.776,Cappuccino,32.82,ANON-0000-0000-0392
2024-07-21,2024-07-21 13:34:30.849,Cortado,23.02,ANON-0000-0000-0393
2024-07-21,2024-07-21 13:42:31.444,Latte,32.82,ANON-0000-0000-0394
2024-07-22,2024-07-22 08:13:23.147,Americano,23.02,ANON-0000-0000-0375
2024-07-22,2024-07-22 08:40:49.554,Americano,23.02,ANON-0000-0000-0395
2024-07-22,2024-07-22 10:15:37.266,Americano with Milk,27.92,ANON-0000-0000-0385
2024-07-22,2024-07-22 16:44:37.593,Latte,32.82,ANON-0000-0000-0396
2024-07-23,2024-07-23 08:12:56.229,Latte,32.82,ANON-0000-0000-0197
2024-07-23,2024-07-23 08:40:18.981,Americano,23.02,ANON-0000-0000-0395
2024-07-23,2024-07-23 08:44:53.816,Americano with Milk,27.92,ANON-0000-0000-0397
2024-07-23,2024-07-23 08:49:25.107,Cocoa,32.82,ANON-0000-0000-0398
2024-07-23,2024-07-23 08:51:10.365,Latte,32.82,ANON-0000-0000-0399
2024-07-23,2024-07-23 09:01:45.707,Americano,23.02,ANON-0000-0000-0375
2024-07-23,2024-07-23 10:03:36.492,Americano with Milk,27.92,ANON-0000-0000-0400
2024-07-23,2024-07-23 15:20:04.971,Americano with Milk,27.92,ANON-0000-0000-0401
2024-07-23,2024-07-23 15:21:01.280,Latte,32.82,ANON-0000-0000-0401
2024-07-23,2024-07-23 21:01:40.612,Latte,32.82,ANON-0000-0000-0009
2024-07-23,2024-07-23 21:23:13.501,Americano,23.02,ANON-0000-0000-0012
2024-07-23,2024-07-23 21:24:22.609,Americano,23.02,ANON-0000-0000-0012
2024-07-24,2024-07-24 09:16:09.814,Americano with Milk,27.92,ANON-0000-0000-0097
2024-07-24,2024-07-24 09:38:55.007,Americano with Milk,27.92,ANON-0000-0000-0385
2024-07-24,2024-07-24 09:54:37.456,Espresso,18.12,ANON-0000-0000-0402
2024-07-24,2024-07-24 11:43:53.121,Cappuccino,32.82,ANON-0000-0000-0379
2024-07-24,2024-07-24 13:55:13.821,Latte,32.82,ANON-0000-0000-0399
2024-07-24,2024-07-24 14:45:49.766,Espresso,18.12,ANON-0000-0000-0012
2024-07-24,2024-07-24 15:18:30.522,Latte,32.82,ANON-0000-0000-0009
2024-07-24,2024-07-24 19:15:05.678,Cappuccino,32.82,ANON-0000-0000-0205
2024-07-24,2024-07-24 19:16:59.779,Cappuccino,32.82,ANON-0000-0000-0205
2024-07-24,2024-07-24 21:17:36.797,Americano with Milk,27.92,ANON-0000-0000-0040
2024-07-24,2024-07-24 21:18:41.294,Americano,23.02,ANON-0000-0000-0040
2024-07-24,2024-07-24 21:25:17.493,Americano,23.02,ANON-0000-0000-0012
2024-07-25,2024-07-25 07:54:47.935,Americano,23.02,ANON-0000-0000-0012
2024-07-25,2024-07-25 08:49:18.428,Latte,32.82,ANON-0000-0000-0399
2024-07-25,2024-07-25 10:29:44.629,Americano with Milk,27.92,ANON-0000-0000-0385
2024-07-25,2024-07-25 11:26:04.701,Americano,23.02,ANON-0000-0000-0375
2024-07-25,2024-07-25 15:25:06.512,Cappuccino,32.82,ANON-0000-0000-0403
2024-07-25,2024-07-25 19:21:00.764,Cappuccino,32.82,ANON-0000-0000-0257
2024-07-25,2024-07-25 21:06:01.272,Cortado,23.02,ANON-0000-0000-0404
2024-07-25,2024-07-25 21:06:50.002,Espresso,18.12,ANON-0000-0000-0404
2024-07-25,2024-07-25 22:38:51.330,Cortado,23.02,ANON-0000-0000-0328
2024-07-25,2024-07-25 22:39:46.790,Cocoa,32.82,ANON-0000-0000-0405
2024-07-26,2024-07-26 08:33:01.273,Latte,32.82,ANON-0000-0000-0406
2024-07-26,2024-07-26 09:19:37.376,Americano with Milk,27.92,ANON-0000-0000-0097
2024-07-26,2024-07-26 09:20:34.344,Espresso,18.12,ANON-0000-0000-0059
2024-07-26,2024-07-26 09:33:11.511,Cortado,23.02,ANON-0000-0000-0407
2024-07-26,2024-07-26 09:34:16.633,Cortado,23.02,ANON-0000-0000-0407
2024-07-26,2024-07-26 09:59:07.867,Latte,32.82,ANON-0000-0000-0408
2024-07-26,2024-07-26 10:00:02.719,Latte,32.82,ANON-0000-0000-0408
2024-07-26,2024-07-26 11:47:13.855,Americano with Milk,27.92,ANON-0000-0000-0385
2024-07-26,2024-07-26 12:07:01.670,Americano with Milk,27.92,ANON-0000-0000-0379
2024-07-26,2024-07-26 12:28:08.044,Cappuccino,32.82,ANON-0000-0000-0339
2024-07-26,2024-07-26 12:29:17.708,Cappuccino,32.82,ANON-0000-0000-0339
2024-07-26,2024-07-26 13:09:56.138,Latte,32.82,ANON-0000-0000-0409
2024-07-26,2024-07-26 17:23:29.347,Americano,23.02,ANON-0000-0000-0410
2024-07-26,2024-07-26 17:58:29.217,Cappuccino,32.82,ANON-0000-0000-0411
2024-07-26,2024-07-26 21:15:09.612,Latte,32.82,ANON-0000-0000-0009
2024-07-26,2024-07-26 22:49:52.318,Americano with Milk,27.92,ANON-0000-0000-0412
2024-07-27,2024-07-27 09:09:16.457,Cappuccino,32.82,ANON-0000-0000-0097
2024-07-27,2024-07-27 11:55:31.381,Americano with Milk,27.92,ANON-0000-0000-0413
2024-07-27,2024-07-27 12:25:10.115,Americano with Milk,27.92,ANON-0000-0000-0059
2024-07-27,2024-07-27 12:26:13.159,Espresso,18.12,ANON-0000-0000-0040
2024-07-27,2024-07-27 12:33:23.070,Americano with Milk,27.92,ANON-0000-0000-0059
2024-07-27,2024-07-27 14:28:41.904,Espresso,18.12,ANON-0000-0000-0225
2024-07-27,2024-07-27 14:51:53.196,Latte,32.82,ANON-0000-0000-0077
2024-07-27,2024-07-27 17:02:33.358,Cappuccino,32.82,ANON-0000-0000-0414
2024-07-27,2024-07-27 17:03:39.112,Cappuccino,32.82,ANON-0000-0000-0415
2024-07-27,2024-07-27 17:09:00.424,Americano with Milk,27.92,ANON-0000-0000-0416
2024-07-27,2024-07-27 17:10:08.074,Americano with Milk,27.92,ANON-0000-0000-0416
2024-07-27,2024-07-27 20:55:20.175,Latte,32.82,ANON-0000-0000-0009
2024-07-27,2024-07-27 22:56:23.915,Cappuccino,32.82,ANON-0000-0000-0417
2024-07-28,2024-07-28 11:07:25.920,Espresso,18.12,ANON-0000-0000-0012
2024-07-28,2024-07-28 14:17:54.205,Americano with Milk,27.92,ANON-0000-0000-0276
2024-07-28,2024-07-28 14:18:52.196,Latte,32.82,ANON-0000-0000-0276
2024-07-29,2024-07-29 08:12:06.406,Latte,32.82,ANON-0000-0000-0418
2024-07-29,2024-07-29 09:04:47.972,Americano,23.02,ANON-0000-0000-0012
2024-07-29,2024-07-29 09:15:46.155,Americano with Milk,27.92,ANON-0000-0000-0097
2024-07-29,2024-07-29 09:19:44.082,Americano,23.02,ANON-0000-0000-0003
2024-07-29,2024-07-29 09:51:24.747,Americano with Milk,27.92,ANON-0000-0000-0419
2024-07-29,2024-07-29 09:58:29.639,Cappuccino,32.82,ANON-0000-0000-0420
2024-07-29,2024-07-29 10:43:43.961,Hot Chocolate,32.82,ANON-0000-0000-0421
2024-07-29,2024-07-29 10:44:55.846,Hot Chocolate,32.82,ANON-0000-0000-0421
2024-07-29,2024-07-29 19:06:31.131,Cappuccino,32.82,ANON-0000-0000-0422
2024-07-29,2024-07-29 19:30:16.319,Americano,23.02,ANON-0000-0000-0099
2024-07-29,2024-07-29 21:57:34.419,Cocoa,32.82,ANON-0000-0000-0328
2024-07-30,2024-07-30 07:41:10.945,Americano with Milk,27.92,ANON-0000-0000-0423
2024-07-30,2024-07-30 08:05:07.216,Cortado,23.02,ANON-0000-0000-0424
2024-07-30,2024-07-30 08:20:51.115,Cappuccino,32.82,ANON-0000-0000-0425
2024-07-30,2024-07-30 09:13:43.217,Americano with Milk,27.92,ANON-0000-0000-0097
2024-07-30,2024-07-30 10:17:11.147,Cortado,23.02,ANON-0000-0000-0141
2024-07-30,2024-07-30 10:19:34.213,Americano with Milk,27.92,ANON-0000-0000-0276
2024-07-30,2024-07-30 10:23:20.120,Latte,32.82,ANON-0000-0000-0250
2024-07-30,2024-07-30 11:12:07.359,Americano,23.02,ANON-0000-0000-0426
2024-07-30,2024-07-30 11:13:16.218,Espresso,18.12,ANON-0000-0000-0426
2024-07-30,2024-07-30 11:14:41.678,Americano with Milk,27.92,ANON-0000-0000-0427
2024-07-30,2024-07-30 11:16:01.630,Americano with Milk,27.92,ANON-0000-0000-0428
2024-07-30,2024-07-30 11:30:34.737,Americano with Milk,27.92,ANON-0000-0000-0429
2024-07-30,2024-07-30 11:31:40.809,Americano with Milk,27.92,ANON-0000-0000-0430
2024-07-30,2024-07-30 12:08:07.508,Latte,32.82,ANON-0000-0000-0431
2024-07-30,2024-07-30 15:16:09.628,Americano with Milk,27.92,ANON-0000-0000-0432
2024-07-30,2024-07-30 16:08:52.876,Cortado,23.02,ANON-0000-0000-0433
2024-07-30,2024-07-30 16:09:43.627,Americano with Milk,27.92,ANON-0000-0000-0433
2024-07-30,2024-07-30 20:24:19.874,Espresso,18.12,ANON-0000-0000-0434
2024-07-30,2024-07-30 20:53:51.866,Americano with Milk,27.92,ANON-0000-0000-0097
2024-07-30,2024-07-30 20:54:46.316,Americano with Milk,27.92,ANON-0000-0000-0097
2024-07-30,2024-07-30 20:57:02.324,Americano with Milk,27.92,ANON-0000-0000-0347
2024-07-30,2024-07-30 21:33:19.198,Latte,32.82,ANON-0000-0000-0435
2024-07-30,2024-07-30 22:15:21.484,Americano,23.02,ANON-0000-0000-0436
2024-07-30,2024-07-30 22:16:19.260,Cappuccino,32.82,ANON-0000-0000-0436
2024-07-31,2024-07-31 07:59:52.098,Americano with Milk,27.92,ANON-0000-0000-0423
2024-07-31,2024-07-31 08:37:41.943,Americano with Milk,27.92,ANON-0000-0000-0437
2024-07-31,2024-07-31 08:38:38.236,Americano with Milk,27.92,ANON-0000-0000-0437
2024-07-31,2024-07-31 09:54:45.315,Americano,23.02,ANON-0000-0000-0388
2024-07-31,2024-07-31 09:55:45.142,Americano,23.02,ANON-0000-0000-0388
2024-07-31,2024-07-31 09:58:15.863,Americano with Milk,27.92,ANON-0000-0000-0276
2024-07-31,2024-07-31 13:11:42.609,Cocoa,32.82,ANON-0000-0000-0384
2024-07-31,2024-07-31 13:14:00.286,Latte,32.82,ANON-0000-0000-0384
2024-07-31,2024-07-31 13:24:49.437,Americano with Milk,27.92,ANON-0000-0000-0438
2024-07-31,2024-07-31 17:48:06.787,Cortado,23.02,ANON-0000-0000-0439
2024-07-31,2024-07-31 18:04:14.972,Latte,32.82,ANON-0000-0000-0440
2024-07-31,2024-07-31 19:22:38.883,Cortado,23.02,ANON-0000-0000-0441
2024-07-31,2024-07-31 19:28:45.141,Latte,32.82,ANON-0000-0000-0009
2024-07-31,2024-07-31 20:46:42.418,Cocoa,32.82,ANON-0000-0000-0442
2024-07-31,2024-07-31 20:50:07.411,Cortado,23.02,ANON-0000-0000-0443
2024-07-31,2024-07-31 20:51:10.383,Latte,32.82,ANON-0000-0000-0443
2024-07-31,2024-07-31 20:52:14.802,Cappuccino,32.82,ANON-0000-0000-0153
2024-07-31,2024-07-31 20:53:35.077,Cortado,23.02,ANON-0000-0000-0443
2024-07-31,2024-07-31 20:59:25.013,Americano with Milk,27.92,ANON-0000-0000-0040
2024-07-31,,Latte,32.82,ANON-0000-0000-0444
2024-07-31,2024-07-31 21:54:11.824,Latte,32.82,ANON-0000-0000-0445
2024-07-31,2024-07-31 21:55:16.570,Latte,32.82,ANON-0000-0000-0446
